2026-08-12 16:10:29 | INFO  | u.TestListener  | ============================================================
2026-08-12 16:10:29 | INFO  | u.TestListener  | TEST EXECUTION STARTED
2026-08-12 16:10:29 | INFO  | u.TestListener  | Suite : MontreCY Automation Suite
2026-08-12 16:10:29 | INFO  | u.TestListener  | ============================================================
2026-08-12 16:10:31 | INFO  | test.LoginTest  | ============================================================
2026-08-12 16:10:31 | INFO  | test.LoginTest  | TEST CASE : TC_001 - Verify Admin Login and Dashboard Title
2026-08-12 16:10:31 | INFO  | test.LoginTest  | ============================================================
2026-08-12 16:10:31 | INFO  | test.LoginTest  | STEP 1 : Login to MontreCY Admin Portal
2026-08-12 16:10:31 | INFO  | p.LoginPage     | Starting Login Process.
2026-08-12 16:10:31 | INFO  | p.LoginPage     | Entering Email.
2026-08-12 16:10:32 | INFO  | p.LoginPage     | Entering Password.
2026-08-12 16:10:32 | INFO  | p.LoginPage     | Clicking Login button.
2026-08-12 16:10:32 | INFO  | p.LoginPage     | Login completed successfully.
2026-08-12 16:10:32 | INFO  | test.LoginTest  | STEP 2 : Validate Dashboard page
2026-08-12 16:10:32 | INFO  | p.DashboardPage | Verifying Dashboard page.
2026-08-12 16:10:33 | INFO  | test.LoginTest  | STEP 3 : Validate Dashboard title
2026-08-12 16:10:33 | INFO  | p.DashboardPage | Getting Dashboard title.
2026-08-12 16:10:33 | INFO  | test.LoginTest  | TEST RESULT : PASSED
2026-08-12 16:10:33 | INFO  | test.LoginTest  | ============================================================
2026-08-12 16:10:35 | INFO  | test.LoginTest  | ============================================================
2026-08-12 16:10:35 | INFO  | test.LoginTest  | TEST CASE : TC_002 - Verify Admin Logout
2026-08-12 16:10:35 | INFO  | test.LoginTest  | ============================================================
2026-08-12 16:10:35 | INFO  | test.LoginTest  | STEP 1 : Login to MontreCY Admin Portal
2026-08-12 16:10:35 | INFO  | p.LoginPage     | Starting Login Process.
2026-08-12 16:10:35 | INFO  | p.LoginPage     | Entering Email.
2026-08-12 16:10:35 | INFO  | p.LoginPage     | Entering Password.
2026-08-12 16:10:35 | INFO  | p.LoginPage     | Clicking Login button.
2026-08-12 16:10:35 | INFO  | p.LoginPage     | Login completed successfully.
2026-08-12 16:10:35 | INFO  | test.LoginTest  | STEP 2 : Logout from MontreCY Admin Portal
2026-08-12 16:10:35 | INFO  | p.DashboardPage | Starting Logout process.
2026-08-12 16:10:36 | INFO  | p.DashboardPage | Clicked User Avatar.
2026-08-12 16:10:36 | INFO  | p.DashboardPage | Logout completed successfully.
2026-08-12 16:10:36 | INFO  | test.LoginTest  | STEP 3 : Validate Login page
2026-08-12 16:10:36 | INFO  | p.LoginPage     | Verifying Login page.
2026-08-12 16:10:37 | INFO  | test.LoginTest  | TEST RESULT : PASSED
2026-08-12 16:10:37 | INFO  | test.LoginTest  | ============================================================
2026-08-12 16:10:37 | INFO  | u.TestListener  | 
2026-08-12 16:10:37 | INFO  | u.TestListener  | ============================================================
2026-08-12 16:10:37 | INFO  | u.TestListener  | TEST EXECUTION SUMMARY
2026-08-12 16:10:37 | INFO  | u.TestListener  | ------------------------------------------------------------
2026-08-12 16:10:37 | INFO  | u.TestListener  | Suite       : MontreCY Automation Suite
2026-08-12 16:10:37 | INFO  | u.TestListener  | Total Tests : 2
2026-08-12 16:10:37 | INFO  | u.TestListener  | Passed      : 2
2026-08-12 16:10:37 | INFO  | u.TestListener  | Failed      : 0
2026-08-12 16:10:37 | INFO  | u.TestListener  | Skipped     : 0
2026-08-12 16:10:37 | INFO  | u.TestListener  | Pass Rate   : 100.00%
2026-08-12 16:10:37 | INFO  | u.TestListener  | Duration    : 8 sec
2026-08-12 16:10:37 | INFO  | u.TestListener  | ============================================================
2026-08-12 16:10:37 | INFO  | u.TestListener  | ============================================================
2026-08-12 16:10:37 | INFO  | u.TestListener  | TEST EXECUTION STARTED
2026-08-12 16:10:37 | INFO  | u.TestListener  | Suite : MontreCY Automation Suite
2026-08-12 16:10:37 | INFO  | u.TestListener  | ============================================================
2026-08-12 16:10:39 | INFO  | t.DashboardTest | ============================================================
2026-08-12 16:10:39 | INFO  | t.DashboardTest | TEST CASE : TC_003 - Verify Platform Pulse KPI Cards
2026-08-12 16:10:39 | INFO  | t.DashboardTest | ============================================================
2026-08-12 16:10:39 | INFO  | t.DashboardTest | STEP 1 : Login to MontreCY Admin Portal
2026-08-12 16:10:39 | INFO  | p.LoginPage     | Starting Login Process.
2026-08-12 16:10:39 | INFO  | p.LoginPage     | Entering Email.
2026-08-12 16:10:39 | INFO  | p.LoginPage     | Entering Password.
2026-08-12 16:10:39 | INFO  | p.LoginPage     | Clicking Login button.
2026-08-12 16:10:39 | INFO  | p.LoginPage     | Login completed successfully.
2026-08-12 16:10:39 | INFO  | t.DashboardTest | STEP 2 : Validate Dashboard page
2026-08-12 16:10:39 | INFO  | p.DashboardPage | Verifying Dashboard page.
2026-08-12 16:10:40 | INFO  | t.DashboardTest | STEP 3 : Validate Platform Pulse KPI Cards
2026-08-12 16:10:40 | INFO  | p.DashboardPage | Verifying Total Users card.
2026-08-12 16:10:40 | INFO  | p.DashboardPage | Verifying New Subscriptions card.
2026-08-12 16:10:40 | INFO  | p.DashboardPage | Verifying Revenue card.
2026-08-12 16:10:40 | INFO  | p.DashboardPage | Verifying Churn Rate card.
2026-08-12 16:10:40 | INFO  | p.DashboardPage | Verifying DAU card.
2026-08-12 16:10:40 | INFO  | t.DashboardTest | TEST RESULT : PASSED
2026-08-12 16:10:40 | INFO  | t.DashboardTest | ============================================================
2026-08-12 16:10:41 | INFO  | u.TestListener  | 
2026-08-12 16:10:41 | INFO  | u.TestListener  | ============================================================
2026-08-12 16:10:41 | INFO  | u.TestListener  | TEST EXECUTION SUMMARY
2026-08-12 16:10:41 | INFO  | u.TestListener  | ------------------------------------------------------------
2026-08-12 16:10:41 | INFO  | u.TestListener  | Suite       : MontreCY Automation Suite
2026-08-12 16:10:41 | INFO  | u.TestListener  | Total Tests : 1
2026-08-12 16:10:41 | INFO  | u.TestListener  | Passed      : 1
2026-08-12 16:10:41 | INFO  | u.TestListener  | Failed      : 0
2026-08-12 16:10:41 | INFO  | u.TestListener  | Skipped     : 0
2026-08-12 16:10:41 | INFO  | u.TestListener  | Pass Rate   : 100.00%
2026-08-12 16:10:41 | INFO  | u.TestListener  | Duration    : 3 sec
2026-08-12 16:10:41 | INFO  | u.TestListener  | ============================================================
2026-08-12 16:10:41 | INFO  | u.TestListener  | ============================================================
2026-08-12 16:10:41 | INFO  | u.TestListener  | TEST EXECUTION STARTED
2026-08-12 16:10:41 | INFO  | u.TestListener  | Suite : MontreCY Automation Suite
2026-08-12 16:10:41 | INFO  | u.TestListener  | ============================================================
2026-08-12 16:10:43 | INFO  | t.SubjectsTest  | Page objects initialized successfully.
2026-08-12 16:10:43 | INFO  | t.SubjectsTest  | TEST CASE : TC_SUBJECT_002 - Verify Add New Subject Button is Displayed
2026-08-12 16:10:43 | INFO  | p.LoginPage     | Starting Login Process.
2026-08-12 16:10:43 | INFO  | p.LoginPage     | Entering Email.
2026-08-12 16:10:43 | INFO  | p.LoginPage     | Entering Password.
2026-08-12 16:10:43 | INFO  | p.LoginPage     | Clicking Login button.
2026-08-12 16:10:43 | INFO  | p.LoginPage     | Login completed successfully.
2026-08-12 16:10:43 | INFO  | p.CommonActions | Waiting for element to be displayed: By.xpath: //*[normalize-space()='Dashboard']
2026-08-12 16:10:44 | INFO  | p.CommonActions | Clicking element: By.xpath: //*[normalize-space()='Content']
2026-08-12 16:10:44 | INFO  | p.CommonActions | Element clicked successfully: By.xpath: //*[normalize-space()='Content']
2026-08-12 16:10:44 | INFO  | p.CommonActions | Element displayed: By.xpath: //button[normalize-space()='Add New Subject'] | Result: true
2026-08-12 16:10:44 | INFO  | t.SubjectsTest  | TC_SUBJECT_002 PASSED
2026-08-12 16:10:46 | INFO  | t.SubjectsTest  | Page objects initialized successfully.
2026-08-12 16:10:46 | INFO  | t.SubjectsTest  | TEST CASE : TC_SUBJECT_003 - Verify Add New Subject Form is Displayed
2026-08-12 16:10:46 | INFO  | p.LoginPage     | Starting Login Process.
2026-08-12 16:10:46 | INFO  | p.LoginPage     | Entering Email.
2026-08-12 16:10:46 | INFO  | p.LoginPage     | Entering Password.
2026-08-12 16:10:46 | INFO  | p.LoginPage     | Clicking Login button.
2026-08-12 16:10:47 | INFO  | p.LoginPage     | Login completed successfully.
2026-08-12 16:10:47 | INFO  | p.CommonActions | Waiting for element to be displayed: By.xpath: //*[normalize-space()='Dashboard']
2026-08-12 16:10:48 | INFO  | p.CommonActions | Clicking element: By.xpath: //*[normalize-space()='Content']
2026-08-12 16:10:48 | INFO  | p.CommonActions | Element clicked successfully: By.xpath: //*[normalize-space()='Content']
2026-08-12 16:10:48 | INFO  | p.CommonActions | Element displayed: By.xpath: //*[normalize-space()='Subjects'] | Result: true
2026-08-12 16:10:48 | INFO  | p.CommonActions | Waiting for element to be clickable: By.xpath: //button[normalize-space()='Add New Subject']
2026-08-12 16:10:48 | INFO  | p.CommonActions | Clicking element: By.xpath: //button[normalize-space()='Add New Subject']
2026-08-12 16:10:48 | INFO  | p.CommonActions | Element clicked successfully: By.xpath: //button[normalize-space()='Add New Subject']
2026-08-12 16:10:48 | INFO  | p.CommonActions | Element displayed: By.xpath: //h2[normalize-space()='Add New Subject'] | Result: true
2026-08-12 16:10:48 | INFO  | t.SubjectsTest  | TC_SUBJECT_003 PASSED
2026-08-12 16:10:50 | INFO  | t.SubjectsTest  | Page objects initialized successfully.
2026-08-12 16:10:50 | INFO  | t.SubjectsTest  | TEST CASE : TC_SUBJECT_011 - Verify Edit Subject Screen and Actions
2026-08-12 16:10:50 | INFO  | p.LoginPage     | Starting Login Process.
2026-08-12 16:10:50 | INFO  | p.LoginPage     | Entering Email.
2026-08-12 16:10:50 | INFO  | p.LoginPage     | Entering Password.
2026-08-12 16:10:51 | INFO  | p.LoginPage     | Clicking Login button.
2026-08-12 16:10:51 | INFO  | p.LoginPage     | Login completed successfully.
2026-08-12 16:10:51 | INFO  | p.CommonActions | Waiting for element to be displayed: By.xpath: //*[normalize-space()='Dashboard']
2026-08-12 16:10:51 | INFO  | p.CommonActions | Clicking element: By.xpath: //*[normalize-space()='Content']
2026-08-12 16:10:51 | INFO  | p.CommonActions | Element clicked successfully: By.xpath: //*[normalize-space()='Content']
2026-08-12 16:10:52 | INFO  | p.CommonActions | Element displayed: By.xpath: //*[normalize-space()='Subjects'] | Result: true
2026-08-12 16:10:52 | INFO  | p.CommonActions | Waiting for element to be clickable: By.xpath: //div[@class='subjects-container']//div[1]//div[1]//div[1]//button[1]//span[2]
2026-08-12 16:10:52 | INFO  | p.CommonActions | Clicking element: By.xpath: //div[@class='subjects-container']//div[1]//div[1]//div[1]//button[1]//span[2]
2026-08-12 16:10:52 | INFO  | p.CommonActions | Element clicked successfully: By.xpath: //div[@class='subjects-container']//div[1]//div[1]//div[1]//button[1]//span[2]
2026-08-12 16:10:52 | INFO  | p.CommonActions | Element displayed: By.xpath: //h2[normalize-space()='Edit Subject'] | Result: true
2026-08-12 16:10:52 | INFO  | p.CommonActions | Element displayed: By.xpath: //span[normalize-space()='Cancel'] | Result: true
2026-08-12 16:10:52 | INFO  | p.CommonActions | Element displayed: By.xpath: //span[normalize-space()='Update Subject'] | Result: true
2026-08-12 16:10:52 | INFO  | t.SubjectsTest  | TC_SUBJECT_011 PASSED
2026-08-12 16:10:55 | INFO  | t.SubjectsTest  | Page objects initialized successfully.
2026-08-12 16:10:55 | INFO  | t.SubjectsTest  | TEST CASE : TC_SUBJECT_005 - Verify Subject Name Mandatory Validation
2026-08-12 16:10:55 | INFO  | p.LoginPage     | Starting Login Process.
2026-08-12 16:10:55 | INFO  | p.LoginPage     | Entering Email.
2026-08-12 16:10:55 | INFO  | p.LoginPage     | Entering Password.
2026-08-12 16:10:55 | INFO  | p.LoginPage     | Clicking Login button.
2026-08-12 16:10:55 | INFO  | p.LoginPage     | Login completed successfully.
2026-08-12 16:10:55 | INFO  | p.CommonActions | Waiting for element to be displayed: By.xpath: //*[normalize-space()='Dashboard']
2026-08-12 16:10:56 | INFO  | p.CommonActions | Clicking element: By.xpath: //*[normalize-space()='Content']
2026-08-12 16:10:57 | INFO  | p.CommonActions | Element clicked successfully: By.xpath: //*[normalize-space()='Content']
2026-08-12 16:10:57 | INFO  | p.CommonActions | Element displayed: By.xpath: //*[normalize-space()='Subjects'] | Result: true
2026-08-12 16:10:57 | INFO  | p.CommonActions | Waiting for element to be clickable: By.xpath: //button[normalize-space()='Add New Subject']
2026-08-12 16:10:57 | INFO  | p.CommonActions | Clicking element: By.xpath: //button[normalize-space()='Add New Subject']
2026-08-12 16:10:57 | INFO  | p.CommonActions | Element clicked successfully: By.xpath: //button[normalize-space()='Add New Subject']
2026-08-12 16:10:57 | INFO  | p.CommonActions | Submitting form for field validation.
2026-08-12 16:10:57 | INFO  | p.CommonActions | Clicking element: By.xpath: //div[contains(@class,'modal-actions')]//button[@type='button' and .//span[normalize-space()='Add Subject']]
2026-08-12 16:10:57 | INFO  | p.CommonActions | Element clicked successfully: By.xpath: //div[contains(@class,'modal-actions')]//button[@type='button' and .//span[normalize-space()='Add Subject']]
2026-08-12 16:10:57 | INFO  | p.CommonActions | Validating field error message. Expected: 'Subject name is required'
2026-08-12 16:10:57 | INFO  | p.CommonActions | Verify text | Expected: 'Subject name is required' | Actual: 'Subject name is required' | Result: true
2026-08-12 16:10:57 | INFO  | p.CommonActions | Field validation passed: 'Subject name is required'
2026-08-12 16:10:57 | INFO  | t.SubjectsTest  | TC_SUBJECT_005 PASSED
2026-08-12 16:11:00 | INFO  | t.SubjectsTest  | Page objects initialized successfully.
2026-08-12 16:11:00 | INFO  | t.SubjectsTest  | TEST CASE : TC_SUBJECT_001 - Verify Subjects Page is Displayed
2026-08-12 16:11:00 | INFO  | p.LoginPage     | Starting Login Process.
2026-08-12 16:11:00 | INFO  | p.LoginPage     | Entering Email.
2026-08-12 16:11:00 | INFO  | p.LoginPage     | Entering Password.
2026-08-12 16:11:00 | INFO  | p.LoginPage     | Clicking Login button.
2026-08-12 16:11:00 | INFO  | p.LoginPage     | Login completed successfully.
2026-08-12 16:11:00 | INFO  | p.CommonActions | Waiting for element to be displayed: By.xpath: //*[normalize-space()='Dashboard']
2026-08-12 16:11:01 | INFO  | p.CommonActions | Clicking element: By.xpath: //*[normalize-space()='Content']
2026-08-12 16:11:01 | INFO  | p.CommonActions | Element clicked successfully: By.xpath: //*[normalize-space()='Content']
2026-08-12 16:11:01 | INFO  | t.SubjectsTest  | VERIFY | Verifying Subjects page title is displayed
2026-08-12 16:11:01 | INFO  | p.CommonActions | Element displayed: By.xpath: //*[normalize-space()='Subjects'] | Result: true
2026-08-12 16:11:01 | INFO  | t.SubjectsTest  | VERIFY | Subjects page title displayed: true
2026-08-12 16:11:01 | INFO  | t.SubjectsTest  | ASSERT | Subjects page title verification passed
2026-08-12 16:11:01 | INFO  | t.SubjectsTest  | TC_SUBJECT_001 PASSED
2026-08-12 16:11:02 | INFO  | u.TestListener  | 
2026-08-12 16:11:02 | INFO  | u.TestListener  | ============================================================
2026-08-12 16:11:02 | INFO  | u.TestListener  | TEST EXECUTION SUMMARY
2026-08-12 16:11:02 | INFO  | u.TestListener  | ------------------------------------------------------------
2026-08-12 16:11:02 | INFO  | u.TestListener  | Suite       : MontreCY Automation Suite
2026-08-12 16:11:02 | INFO  | u.TestListener  | Total Tests : 5
2026-08-12 16:11:02 | INFO  | u.TestListener  | Passed      : 5
2026-08-12 16:11:02 | INFO  | u.TestListener  | Failed      : 0
2026-08-12 16:11:02 | INFO  | u.TestListener  | Skipped     : 0
2026-08-12 16:11:02 | INFO  | u.TestListener  | Pass Rate   : 100.00%
2026-08-12 16:11:02 | INFO  | u.TestListener  | Duration    : 21 sec
2026-08-12 16:11:02 | INFO  | u.TestListener  | ============================================================
2026-08-12 16:11:02 | INFO  | u.TestListener  | ============================================================
2026-08-12 16:11:02 | INFO  | u.TestListener  | TEST EXECUTION STARTED
2026-08-12 16:11:02 | INFO  | u.TestListener  | Suite : MontreCY Automation Suite
2026-08-12 16:11:02 | INFO  | u.TestListener  | ============================================================
2026-08-12 16:11:10 | INFO  | u.TestListener  | 
2026-08-12 16:11:10 | INFO  | u.TestListener  | ============================================================
2026-08-12 16:11:10 | INFO  | u.TestListener  | TEST EXECUTION SUMMARY
2026-08-12 16:11:10 | INFO  | u.TestListener  | ------------------------------------------------------------
2026-08-12 16:11:10 | INFO  | u.TestListener  | Suite       : MontreCY Automation Suite
2026-08-12 16:11:10 | INFO  | u.TestListener  | Total Tests : 3
2026-08-12 16:11:10 | INFO  | u.TestListener  | Passed      : 0
2026-08-12 16:11:10 | INFO  | u.TestListener  | Failed      : 3
2026-08-12 16:11:10 | INFO  | u.TestListener  | Skipped     : 0
2026-08-12 16:11:10 | INFO  | u.TestListener  | Pass Rate   : 0.00%
2026-08-12 16:11:10 | INFO  | u.TestListener  | Duration    : 7 sec
2026-08-12 16:11:10 | INFO  | u.TestListener  | ============================================================
2026-08-12 16:11:19 | INFO  | u.TestListener  | ============================================================
2026-08-12 16:11:19 | INFO  | u.TestListener  | TEST EXECUTION STARTED
2026-08-12 16:11:19 | INFO  | u.TestListener  | Suite : MontreCY Automation Suite
2026-08-12 16:11:19 | INFO  | u.TestListener  | ============================================================
2026-08-12 16:11:22 | INFO  | test.LoginTest  | ============================================================
2026-08-12 16:11:22 | INFO  | test.LoginTest  | TEST CASE : TC_001 - Verify Admin Login and Dashboard Title
2026-08-12 16:11:22 | INFO  | test.LoginTest  | ============================================================
2026-08-12 16:11:22 | INFO  | test.LoginTest  | STEP 1 : Login to MontreCY Admin Portal
2026-08-12 16:11:22 | INFO  | p.LoginPage     | Starting Login Process.
2026-08-12 16:11:22 | INFO  | p.LoginPage     | Entering Email.
2026-08-12 16:11:22 | INFO  | p.LoginPage     | Entering Password.
2026-08-12 16:11:22 | INFO  | p.LoginPage     | Clicking Login button.
2026-08-12 16:11:22 | INFO  | p.LoginPage     | Login completed successfully.
2026-08-12 16:11:22 | INFO  | test.LoginTest  | STEP 2 : Validate Dashboard page
2026-08-12 16:11:22 | INFO  | p.DashboardPage | Verifying Dashboard page.
2026-08-12 16:11:24 | INFO  | test.LoginTest  | STEP 3 : Validate Dashboard title
2026-08-12 16:11:24 | INFO  | p.DashboardPage | Getting Dashboard title.
2026-08-12 16:11:24 | INFO  | test.LoginTest  | TEST RESULT : PASSED
2026-08-12 16:11:24 | INFO  | test.LoginTest  | ============================================================
2026-08-12 16:11:26 | INFO  | test.LoginTest  | ============================================================
2026-08-12 16:11:26 | INFO  | test.LoginTest  | TEST CASE : TC_002 - Verify Admin Logout
2026-08-12 16:11:26 | INFO  | test.LoginTest  | ============================================================
2026-08-12 16:11:26 | INFO  | test.LoginTest  | STEP 1 : Login to MontreCY Admin Portal
2026-08-12 16:11:26 | INFO  | p.LoginPage     | Starting Login Process.
2026-08-12 16:11:26 | INFO  | p.LoginPage     | Entering Email.
2026-08-12 16:11:26 | INFO  | p.LoginPage     | Entering Password.
2026-08-12 16:11:26 | INFO  | p.LoginPage     | Clicking Login button.
2026-08-12 16:11:26 | INFO  | p.LoginPage     | Login completed successfully.
2026-08-12 16:11:26 | INFO  | test.LoginTest  | STEP 2 : Logout from MontreCY Admin Portal
2026-08-12 16:11:26 | INFO  | p.DashboardPage | Starting Logout process.
2026-08-12 16:11:27 | INFO  | p.DashboardPage | Clicked User Avatar.
2026-08-12 16:11:28 | INFO  | p.DashboardPage | Logout completed successfully.
2026-08-12 16:11:28 | INFO  | test.LoginTest  | STEP 3 : Validate Login page
2026-08-12 16:11:28 | INFO  | p.LoginPage     | Verifying Login page.
2026-08-12 16:11:28 | INFO  | test.LoginTest  | TEST RESULT : PASSED
2026-08-12 16:11:28 | INFO  | test.LoginTest  | ============================================================
2026-08-12 16:11:28 | INFO  | u.TestListener  | 
2026-08-12 16:11:28 | INFO  | u.TestListener  | ============================================================
2026-08-12 16:11:28 | INFO  | u.TestListener  | TEST EXECUTION SUMMARY
2026-08-12 16:11:28 | INFO  | u.TestListener  | ------------------------------------------------------------
2026-08-12 16:11:28 | INFO  | u.TestListener  | Suite       : MontreCY Automation Suite
2026-08-12 16:11:28 | INFO  | u.TestListener  | Total Tests : 2
2026-08-12 16:11:28 | INFO  | u.TestListener  | Passed      : 2
2026-08-12 16:11:28 | INFO  | u.TestListener  | Failed      : 0
2026-08-12 16:11:28 | INFO  | u.TestListener  | Skipped     : 0
2026-08-12 16:11:28 | INFO  | u.TestListener  | Pass Rate   : 100.00%
2026-08-12 16:11:28 | INFO  | u.TestListener  | Duration    : 9 sec
2026-08-12 16:11:28 | INFO  | u.TestListener  | ============================================================
2026-08-12 16:11:28 | INFO  | u.TestListener  | ============================================================
2026-08-12 16:11:28 | INFO  | u.TestListener  | TEST EXECUTION STARTED
2026-08-12 16:11:28 | INFO  | u.TestListener  | Suite : MontreCY Automation Suite
2026-08-12 16:11:28 | INFO  | u.TestListener  | ============================================================
2026-08-12 16:11:30 | INFO  | t.DashboardTest | ============================================================
2026-08-12 16:11:30 | INFO  | t.DashboardTest | TEST CASE : TC_003 - Verify Platform Pulse KPI Cards
2026-08-12 16:11:30 | INFO  | t.DashboardTest | ============================================================
2026-08-12 16:11:30 | INFO  | t.DashboardTest | STEP 1 : Login to MontreCY Admin Portal
2026-08-12 16:11:30 | INFO  | p.LoginPage     | Starting Login Process.
2026-08-12 16:11:30 | INFO  | p.LoginPage     | Entering Email.
2026-08-12 16:11:31 | INFO  | p.LoginPage     | Entering Password.
2026-08-12 16:11:31 | INFO  | p.LoginPage     | Clicking Login button.
2026-08-12 16:11:31 | INFO  | p.LoginPage     | Login completed successfully.
2026-08-12 16:11:31 | INFO  | t.DashboardTest | STEP 2 : Validate Dashboard page
2026-08-12 16:11:31 | INFO  | p.DashboardPage | Verifying Dashboard page.
2026-08-12 16:11:32 | INFO  | t.DashboardTest | STEP 3 : Validate Platform Pulse KPI Cards
2026-08-12 16:11:32 | INFO  | p.DashboardPage | Verifying Total Users card.
2026-08-12 16:11:33 | INFO  | p.DashboardPage | Verifying New Subscriptions card.
2026-08-12 16:11:33 | INFO  | p.DashboardPage | Verifying Revenue card.
2026-08-12 16:11:33 | INFO  | p.DashboardPage | Verifying Churn Rate card.
2026-08-12 16:11:33 | INFO  | p.DashboardPage | Verifying DAU card.
2026-08-12 16:11:33 | INFO  | t.DashboardTest | TEST RESULT : PASSED
2026-08-12 16:11:33 | INFO  | t.DashboardTest | ============================================================
2026-08-12 16:11:33 | INFO  | u.TestListener  | 
2026-08-12 16:11:33 | INFO  | u.TestListener  | ============================================================
2026-08-12 16:11:33 | INFO  | u.TestListener  | TEST EXECUTION SUMMARY
2026-08-12 16:11:33 | INFO  | u.TestListener  | ------------------------------------------------------------
2026-08-12 16:11:33 | INFO  | u.TestListener  | Suite       : MontreCY Automation Suite
2026-08-12 16:11:33 | INFO  | u.TestListener  | Total Tests : 1
2026-08-12 16:11:33 | INFO  | u.TestListener  | Passed      : 1
2026-08-12 16:11:33 | INFO  | u.TestListener  | Failed      : 0
2026-08-12 16:11:33 | INFO  | u.TestListener  | Skipped     : 0
2026-08-12 16:11:33 | INFO  | u.TestListener  | Pass Rate   : 100.00%
2026-08-12 16:11:33 | INFO  | u.TestListener  | Duration    : 4 sec
2026-08-12 16:11:33 | INFO  | u.TestListener  | ============================================================
2026-08-12 16:11:33 | INFO  | u.TestListener  | ============================================================
2026-08-12 16:11:33 | INFO  | u.TestListener  | TEST EXECUTION STARTED
2026-08-12 16:11:33 | INFO  | u.TestListener  | Suite : MontreCY Automation Suite
2026-08-12 16:11:33 | INFO  | u.TestListener  | ============================================================
2026-08-12 16:11:35 | INFO  | t.SubjectsTest  | Page objects initialized successfully.
2026-08-12 16:11:35 | INFO  | t.SubjectsTest  | TEST CASE : TC_SUBJECT_002 - Verify Add New Subject Button is Displayed
2026-08-12 16:11:35 | INFO  | p.LoginPage     | Starting Login Process.
2026-08-12 16:11:35 | INFO  | p.LoginPage     | Entering Email.
2026-08-12 16:11:35 | INFO  | p.LoginPage     | Entering Password.
2026-08-12 16:11:35 | INFO  | p.LoginPage     | Clicking Login button.
2026-08-12 16:11:35 | INFO  | p.LoginPage     | Login completed successfully.
2026-08-12 16:11:35 | INFO  | p.CommonActions | Waiting for element to be displayed: By.xpath: //*[normalize-space()='Dashboard']
2026-08-12 16:11:37 | INFO  | p.CommonActions | Clicking element: By.xpath: //*[normalize-space()='Content']
2026-08-12 16:11:37 | INFO  | p.CommonActions | Element clicked successfully: By.xpath: //*[normalize-space()='Content']
2026-08-12 16:11:37 | INFO  | p.CommonActions | Element displayed: By.xpath: //button[normalize-space()='Add New Subject'] | Result: true
2026-08-12 16:11:37 | INFO  | t.SubjectsTest  | TC_SUBJECT_002 PASSED
2026-08-12 16:11:39 | INFO  | t.SubjectsTest  | Page objects initialized successfully.
2026-08-12 16:11:39 | INFO  | t.SubjectsTest  | TEST CASE : TC_SUBJECT_003 - Verify Add New Subject Form is Displayed
2026-08-12 16:11:39 | INFO  | p.LoginPage     | Starting Login Process.
2026-08-12 16:11:39 | INFO  | p.LoginPage     | Entering Email.
2026-08-12 16:11:39 | INFO  | p.LoginPage     | Entering Password.
2026-08-12 16:11:39 | INFO  | p.LoginPage     | Clicking Login button.
2026-08-12 16:11:39 | INFO  | p.LoginPage     | Login completed successfully.
2026-08-12 16:11:39 | INFO  | p.CommonActions | Waiting for element to be displayed: By.xpath: //*[normalize-space()='Dashboard']
2026-08-12 16:11:40 | INFO  | p.CommonActions | Clicking element: By.xpath: //*[normalize-space()='Content']
2026-08-12 16:11:40 | INFO  | p.CommonActions | Element clicked successfully: By.xpath: //*[normalize-space()='Content']
2026-08-12 16:11:41 | INFO  | p.CommonActions | Element displayed: By.xpath: //*[normalize-space()='Subjects'] | Result: true
2026-08-12 16:11:41 | INFO  | p.CommonActions | Waiting for element to be clickable: By.xpath: //button[normalize-space()='Add New Subject']
2026-08-12 16:11:41 | INFO  | p.CommonActions | Clicking element: By.xpath: //button[normalize-space()='Add New Subject']
2026-08-12 16:11:41 | INFO  | p.CommonActions | Element clicked successfully: By.xpath: //button[normalize-space()='Add New Subject']
2026-08-12 16:11:41 | INFO  | p.CommonActions | Element displayed: By.xpath: //h2[normalize-space()='Add New Subject'] | Result: true
2026-08-12 16:11:41 | INFO  | t.SubjectsTest  | TC_SUBJECT_003 PASSED
2026-08-12 16:11:43 | INFO  | t.SubjectsTest  | Page objects initialized successfully.
2026-08-12 16:11:43 | INFO  | t.SubjectsTest  | TEST CASE : TC_SUBJECT_011 - Verify Edit Subject Screen and Actions
2026-08-12 16:11:43 | INFO  | p.LoginPage     | Starting Login Process.
2026-08-12 16:11:43 | INFO  | p.LoginPage     | Entering Email.
2026-08-12 16:11:43 | INFO  | p.LoginPage     | Entering Password.
2026-08-12 16:11:43 | INFO  | p.LoginPage     | Clicking Login button.
2026-08-12 16:11:43 | INFO  | p.LoginPage     | Login completed successfully.
2026-08-12 16:11:43 | INFO  | p.CommonActions | Waiting for element to be displayed: By.xpath: //*[normalize-space()='Dashboard']
2026-08-12 16:11:44 | INFO  | p.CommonActions | Clicking element: By.xpath: //*[normalize-space()='Content']
2026-08-12 16:11:45 | INFO  | p.CommonActions | Element clicked successfully: By.xpath: //*[normalize-space()='Content']
2026-08-12 16:11:45 | INFO  | p.CommonActions | Element displayed: By.xpath: //*[normalize-space()='Subjects'] | Result: true
2026-08-12 16:11:45 | INFO  | p.CommonActions | Waiting for element to be clickable: By.xpath: //div[@class='subjects-container']//div[1]//div[1]//div[1]//button[1]//span[2]
2026-08-12 16:11:45 | INFO  | p.CommonActions | Clicking element: By.xpath: //div[@class='subjects-container']//div[1]//div[1]//div[1]//button[1]//span[2]
2026-08-12 16:11:45 | INFO  | p.CommonActions | Element clicked successfully: By.xpath: //div[@class='subjects-container']//div[1]//div[1]//div[1]//button[1]//span[2]
2026-08-12 16:11:45 | INFO  | p.CommonActions | Element displayed: By.xpath: //h2[normalize-space()='Edit Subject'] | Result: true
2026-08-12 16:11:45 | INFO  | p.CommonActions | Element displayed: By.xpath: //span[normalize-space()='Cancel'] | Result: true
2026-08-12 16:11:45 | INFO  | p.CommonActions | Element displayed: By.xpath: //span[normalize-space()='Update Subject'] | Result: true
2026-08-12 16:11:45 | INFO  | t.SubjectsTest  | TC_SUBJECT_011 PASSED
2026-08-12 16:11:48 | INFO  | t.SubjectsTest  | Page objects initialized successfully.
2026-08-12 16:11:48 | INFO  | t.SubjectsTest  | TEST CASE : TC_SUBJECT_005 - Verify Subject Name Mandatory Validation
2026-08-12 16:11:48 | INFO  | p.LoginPage     | Starting Login Process.
2026-08-12 16:11:48 | INFO  | p.LoginPage     | Entering Email.
2026-08-12 16:11:48 | INFO  | p.LoginPage     | Entering Password.
2026-08-12 16:11:48 | INFO  | p.LoginPage     | Clicking Login button.
2026-08-12 16:11:48 | INFO  | p.LoginPage     | Login completed successfully.
2026-08-12 16:11:48 | INFO  | p.CommonActions | Waiting for element to be displayed: By.xpath: //*[normalize-space()='Dashboard']
2026-08-12 16:11:49 | INFO  | p.CommonActions | Clicking element: By.xpath: //*[normalize-space()='Content']
2026-08-12 16:11:49 | INFO  | p.CommonActions | Element clicked successfully: By.xpath: //*[normalize-space()='Content']
2026-08-12 16:11:49 | INFO  | p.CommonActions | Element displayed: By.xpath: //*[normalize-space()='Subjects'] | Result: true
2026-08-12 16:11:49 | INFO  | p.CommonActions | Waiting for element to be clickable: By.xpath: //button[normalize-space()='Add New Subject']
2026-08-12 16:11:49 | INFO  | p.CommonActions | Clicking element: By.xpath: //button[normalize-space()='Add New Subject']
2026-08-12 16:11:49 | INFO  | p.CommonActions | Element clicked successfully: By.xpath: //button[normalize-space()='Add New Subject']
2026-08-12 16:11:49 | INFO  | p.CommonActions | Submitting form for field validation.
2026-08-12 16:11:49 | INFO  | p.CommonActions | Clicking element: By.xpath: //div[contains(@class,'modal-actions')]//button[@type='button' and .//span[normalize-space()='Add Subject']]
2026-08-12 16:11:50 | INFO  | p.CommonActions | Element clicked successfully: By.xpath: //div[contains(@class,'modal-actions')]//button[@type='button' and .//span[normalize-space()='Add Subject']]
2026-08-12 16:11:50 | INFO  | p.CommonActions | Validating field error message. Expected: 'Subject name is required'
2026-08-12 16:11:50 | INFO  | p.CommonActions | Verify text | Expected: 'Subject name is required' | Actual: 'Subject name is required' | Result: true
2026-08-12 16:11:50 | INFO  | p.CommonActions | Field validation passed: 'Subject name is required'
2026-08-12 16:11:50 | INFO  | t.SubjectsTest  | TC_SUBJECT_005 PASSED
2026-08-12 16:11:52 | INFO  | t.SubjectsTest  | Page objects initialized successfully.
2026-08-12 16:11:52 | INFO  | t.SubjectsTest  | TEST CASE : TC_SUBJECT_001 - Verify Subjects Page is Displayed
2026-08-12 16:11:52 | INFO  | p.LoginPage     | Starting Login Process.
2026-08-12 16:11:52 | INFO  | p.LoginPage     | Entering Email.
2026-08-12 16:11:52 | INFO  | p.LoginPage     | Entering Password.
2026-08-12 16:11:53 | INFO  | p.LoginPage     | Clicking Login button.
2026-08-12 16:11:53 | INFO  | p.LoginPage     | Login completed successfully.
2026-08-12 16:11:53 | INFO  | p.CommonActions | Waiting for element to be displayed: By.xpath: //*[normalize-space()='Dashboard']
2026-08-12 16:11:54 | INFO  | p.CommonActions | Clicking element: By.xpath: //*[normalize-space()='Content']
2026-08-12 16:11:54 | INFO  | p.CommonActions | Element clicked successfully: By.xpath: //*[normalize-space()='Content']
2026-08-12 16:11:54 | INFO  | t.SubjectsTest  | VERIFY | Verifying Subjects page title is displayed
2026-08-12 16:11:54 | INFO  | p.CommonActions | Element displayed: By.xpath: //*[normalize-space()='Subjects'] | Result: true
2026-08-12 16:11:54 | INFO  | t.SubjectsTest  | VERIFY | Subjects page title displayed: true
2026-08-12 16:11:54 | INFO  | t.SubjectsTest  | ASSERT | Subjects page title verification passed
2026-08-12 16:11:54 | INFO  | t.SubjectsTest  | TC_SUBJECT_001 PASSED
2026-08-12 16:11:54 | INFO  | u.TestListener  | 
2026-08-12 16:11:54 | INFO  | u.TestListener  | ============================================================
2026-08-12 16:11:54 | INFO  | u.TestListener  | TEST EXECUTION SUMMARY
2026-08-12 16:11:54 | INFO  | u.TestListener  | ------------------------------------------------------------
2026-08-12 16:11:54 | INFO  | u.TestListener  | Suite       : MontreCY Automation Suite
2026-08-12 16:11:54 | INFO  | u.TestListener  | Total Tests : 5
2026-08-12 16:11:54 | INFO  | u.TestListener  | Passed      : 5
2026-08-12 16:11:54 | INFO  | u.TestListener  | Failed      : 0
2026-08-12 16:11:54 | INFO  | u.TestListener  | Skipped     : 0
2026-08-12 16:11:54 | INFO  | u.TestListener  | Pass Rate   : 100.00%
2026-08-12 16:11:54 | INFO  | u.TestListener  | Duration    : 21 sec
2026-08-12 16:11:54 | INFO  | u.TestListener  | ============================================================
2026-08-12 16:11:54 | INFO  | u.TestListener  | ============================================================
2026-08-12 16:11:54 | INFO  | u.TestListener  | TEST EXECUTION STARTED
2026-08-12 16:11:54 | INFO  | u.TestListener  | Suite : MontreCY Automation Suite
2026-08-12 16:11:54 | INFO  | u.TestListener  | ============================================================
2026-08-12 16:11:56 | INFO  | p.LoginPage     | Starting Login Process.
2026-08-12 16:11:56 | INFO  | p.LoginPage     | Entering Email.
2026-08-12 16:11:56 | INFO  | p.LoginPage     | Entering Password.
2026-08-12 16:11:56 | INFO  | p.LoginPage     | Clicking Login button.
2026-08-12 16:11:57 | INFO  | p.LoginPage     | Login completed successfully.
2026-08-12 16:11:57 | INFO  | p.CommonActions | Waiting for element to be displayed: By.xpath: //*[normalize-space()='Dashboard']
2026-08-12 16:11:58 | INFO  | p.CommonActions | Clicking element: By.xpath: //*[normalize-space()='Content']
2026-08-12 16:11:58 | INFO  | p.CommonActions | Element clicked successfully: By.xpath: //*[normalize-space()='Content']
2026-08-12 16:11:58 | INFO  | p.CommonActions | Element displayed: By.xpath: //*[normalize-space()='Subjects'] | Result: true
2026-08-12 16:12:18 | ERROR | p.CommonActions | Element not displayed: By.xpath: //h3[normalize-space()='Science']
2026-08-12 16:12:18 | INFO  | p.CommonActions | Clicking element: By.xpath: //button[normalize-space()='Add New Subject']
2026-08-12 16:12:18 | INFO  | p.CommonActions | Element clicked successfully: By.xpath: //button[normalize-space()='Add New Subject']
2026-08-12 16:12:18 | INFO  | p.CommonActions | Entering text 'Science' into: By.xpath: //input[@placeholder='Subject Name' or @name='subjectName' or @type='text']
2026-08-12 16:12:22 | INFO  | p.CommonActions | Uploading file: D:\MontreCY\com.montrecy.automation\src\main\resources\ScienceSubject.png
2026-08-12 16:12:28 | INFO  | p.CommonActions | File uploaded successfully: ScienceSubject.png
2026-08-12 16:12:31 | INFO  | p.CommonActions | Uploaded image verified successfully.
2026-08-12 16:12:37 | INFO  | p.CommonActions | Clicking element: By.xpath: //div[contains(@class,'modal-actions')]//button[@type='button' and .//span[normalize-space()='Add Subject']]
2026-08-12 16:12:37 | INFO  | p.CommonActions | Element clicked successfully: By.xpath: //div[contains(@class,'modal-actions')]//button[@type='button' and .//span[normalize-space()='Add Subject']]
2026-08-12 16:12:40 | INFO  | p.CommonActions | Verify text | Expected: 'A subject with this title already exists. Please choose a different title.' | Actual: 'Subject created successfully' | Result: false
2026-08-12 16:12:40 | INFO  | p.CommonActions | Verify text | Expected: 'Subject created successfully' | Actual: 'Subject created successfully' | Result: true
2026-08-12 16:12:40 | INFO  | p.CommonActions | Clicking element: By.xpath: //h3[normalize-space()='Science']
2026-08-12 16:12:40 | INFO  | p.CommonActions | Element clicked successfully: By.xpath: //h3[normalize-space()='Science']
2026-08-12 16:12:40 | INFO  | p.CommonActions | Clicking element: By.xpath: //span[contains(text(),'Add New Level')]
2026-08-12 16:12:41 | INFO  | p.CommonActions | Element clicked successfully: By.xpath: //span[contains(text(),'Add New Level')]
2026-08-12 16:12:41 | INFO  | p.CommonActions | Entering text '1' into: By.xpath: //input[@placeholder='Enter Level Number']
2026-08-12 16:12:41 | INFO  | p.CommonActions | Entering text 'FirstGrade' into: By.xpath: //input[@placeholder='e.g. Fifth Grade']
2026-08-12 16:12:41 | INFO  | p.CommonActions | Entering text 'English Basics' into: By.xpath: //textarea[@placeholder='Enter Description']
2026-08-12 16:12:44 | INFO  | p.CommonActions | Uploading file: D:\MontreCY\com.montrecy.automation\src\main\resources\ScienceSubject.png
2026-08-12 16:12:50 | INFO  | p.CommonActions | File uploaded successfully: ScienceSubject.png
2026-08-12 16:12:53 | INFO  | p.CommonActions | Uploaded image verified successfully.
2026-08-12 16:12:59 | INFO  | p.CommonActions | Clicking element: By.xpath: //div[@class='modal-actions']//span[normalize-space()='Add New Level']
2026-08-12 16:12:59 | INFO  | p.CommonActions | Element clicked successfully: By.xpath: //div[@class='modal-actions']//span[normalize-space()='Add New Level']
2026-08-12 16:13:23 | ERROR | p.CommonActions | Element not displayed: By.xpath: //*[normalize-space()='This level number already exists for the selected subject.']
2026-08-12 16:13:25 | INFO  | p.LoginPage     | Starting Login Process.
2026-08-12 16:13:25 | INFO  | p.LoginPage     | Entering Email.
2026-08-12 16:13:25 | INFO  | p.LoginPage     | Entering Password.
2026-08-12 16:13:25 | INFO  | p.LoginPage     | Clicking Login button.
2026-08-12 16:13:25 | INFO  | p.LoginPage     | Login completed successfully.
2026-08-12 16:13:25 | INFO  | p.CommonActions | Waiting for element to be displayed: By.xpath: //*[normalize-space()='Dashboard']
2026-08-12 16:13:26 | INFO  | p.CommonActions | Clicking element: By.xpath: //*[normalize-space()='Content']
2026-08-12 16:13:26 | INFO  | p.CommonActions | Element clicked successfully: By.xpath: //*[normalize-space()='Content']
2026-08-12 16:13:26 | INFO  | p.CommonActions | Element displayed: By.xpath: //*[normalize-space()='Subjects'] | Result: true
2026-08-12 16:13:26 | INFO  | p.CommonActions | Element displayed: By.xpath: //h3[normalize-space()='Science'] | Result: true
2026-08-12 16:13:26 | INFO  | p.CommonActions | Clicking element: By.xpath: //h3[normalize-space()='Science']
2026-08-12 16:13:26 | INFO  | p.CommonActions | Element clicked successfully: By.xpath: //h3[normalize-space()='Science']
2026-08-12 16:13:26 | INFO  | p.CommonActions | Clicking element: By.xpath: //div[normalize-space()='Edit Level Details']
2026-08-12 16:13:27 | INFO  | p.CommonActions | Element clicked successfully: By.xpath: //div[normalize-space()='Edit Level Details']
2026-08-12 16:13:27 | INFO  | p.CommonActions | Element displayed: By.xpath: //input[@placeholder='Enter Level Number'] | Result: true
2026-08-12 16:13:27 | INFO  | p.CommonActions | Element displayed: By.xpath: //input[@placeholder='e.g. Fifth Grade'] | Result: true
2026-08-12 16:13:27 | INFO  | p.CommonActions | Element displayed: By.xpath: //textarea[@placeholder='Enter Description'] | Result: true
2026-08-12 16:13:27 | INFO  | p.CommonActions | Entering text '2' into: By.xpath: //input[@placeholder='Enter Level Number']
2026-08-12 16:13:27 | INFO  | p.CommonActions | Entering text 'SecondGrade' into: By.xpath: //input[@placeholder='e.g. Fifth Grade']
2026-08-12 16:13:27 | INFO  | p.CommonActions | Entering text 'Updated English Basics' into: By.xpath: //textarea[@placeholder='Enter Description']
2026-08-12 16:13:30 | INFO  | p.CommonActions | Uploading file: D:\MontreCY\com.montrecy.automation\src\main\resources\MathsSubject.png
2026-08-12 16:13:36 | INFO  | p.CommonActions | File uploaded successfully: MathsSubject.png
2026-08-12 16:13:39 | INFO  | p.CommonActions | Uploaded image verified successfully.
2026-08-12 16:13:48 | INFO  | p.CommonActions | Clicking element: By.xpath: //span[normalize-space()='Update Level']
2026-08-12 16:13:48 | INFO  | p.CommonActions | Element clicked successfully: By.xpath: //span[normalize-space()='Update Level']
2026-08-12 16:13:48 | INFO  | p.CommonActions | Element displayed: By.xpath: //input[@placeholder='Enter Level Number'] | Result: true
2026-08-12 16:13:48 | INFO  | p.CommonActions | Element displayed: By.xpath: //input[@placeholder='e.g. Fifth Grade'] | Result: true
2026-08-12 16:13:49 | INFO  | p.CommonActions | Element displayed: By.xpath: //textarea[@placeholder='Enter Description'] | Result: true
2026-08-12 16:13:51 | INFO  | p.LoginPage     | Starting Login Process.
2026-08-12 16:13:51 | INFO  | p.LoginPage     | Entering Email.
2026-08-12 16:13:51 | INFO  | p.LoginPage     | Entering Password.
2026-08-12 16:13:51 | INFO  | p.LoginPage     | Clicking Login button.
2026-08-12 16:13:51 | INFO  | p.LoginPage     | Login completed successfully.
2026-08-12 16:13:51 | INFO  | p.CommonActions | Waiting for element to be displayed: By.xpath: //*[normalize-space()='Dashboard']
2026-08-12 16:13:52 | INFO  | p.CommonActions | Clicking element: By.xpath: //*[normalize-space()='Content']
2026-08-12 16:13:52 | INFO  | p.CommonActions | Element clicked successfully: By.xpath: //*[normalize-space()='Content']
2026-08-12 16:13:52 | INFO  | p.CommonActions | Element displayed: By.xpath: //*[normalize-space()='Subjects'] | Result: true
2026-08-12 16:13:52 | INFO  | p.CommonActions | Element displayed: By.xpath: //h3[normalize-space()='Science'] | Result: true
2026-08-12 16:13:52 | INFO  | p.CommonActions | Clicking element: By.xpath: //h3[normalize-space()='Science']
2026-08-12 16:13:52 | INFO  | p.CommonActions | Element clicked successfully: By.xpath: //h3[normalize-space()='Science']
2026-08-12 16:13:55 | INFO  | p.CommonActions | Clicking element: By.xpath: //span[normalize-space()='Inactive']
2026-08-12 16:13:55 | INFO  | p.CommonActions | Element clicked successfully: By.xpath: //span[normalize-space()='Inactive']
2026-08-12 16:13:58 | INFO  | p.CommonActions | Verify text | Expected: 'Level status changed to Inactive' | Actual: 'Success
Level status changed to Inactive' | Result: true
2026-08-12 16:14:01 | INFO  | p.CommonActions | Clicking element: By.xpath: //span[normalize-space()='Active']
2026-08-12 16:14:01 | INFO  | p.CommonActions | Element clicked successfully: By.xpath: //span[normalize-space()='Active']
2026-08-12 16:14:05 | INFO  | p.CommonActions | Verify text | Expected: 'Level status changed to Active' | Actual: 'Success
Level status changed to Active' | Result: true
2026-08-12 16:14:05 | INFO  | u.TestListener  | 
2026-08-12 16:14:05 | INFO  | u.TestListener  | ============================================================
2026-08-12 16:14:05 | INFO  | u.TestListener  | TEST EXECUTION SUMMARY
2026-08-12 16:14:05 | INFO  | u.TestListener  | ------------------------------------------------------------
2026-08-12 16:14:05 | INFO  | u.TestListener  | Suite       : MontreCY Automation Suite
2026-08-12 16:14:05 | INFO  | u.TestListener  | Total Tests : 3
2026-08-12 16:14:05 | INFO  | u.TestListener  | Passed      : 3
2026-08-12 16:14:05 | INFO  | u.TestListener  | Failed      : 0
2026-08-12 16:14:05 | INFO  | u.TestListener  | Skipped     : 0
2026-08-12 16:14:05 | INFO  | u.TestListener  | Pass Rate   : 100.00%
2026-08-12 16:14:05 | INFO  | u.TestListener  | Duration    : 130 sec
2026-08-12 16:14:05 | INFO  | u.TestListener  | ============================================================
2026-08-12 16:19:48 | INFO  | u.TestListener  | ============================================================
2026-08-12 16:19:48 | INFO  | u.TestListener  | TEST EXECUTION STARTED
2026-08-12 16:19:48 | INFO  | u.TestListener  | Suite : MontreCY Automation Suite
2026-08-12 16:19:48 | INFO  | u.TestListener  | ============================================================
2026-08-12 16:19:55 | INFO  | test.LoginTest  | ============================================================
2026-08-12 16:19:55 | INFO  | test.LoginTest  | TEST CASE : TC_001 - Verify Admin Login and Dashboard Title
2026-08-12 16:19:55 | INFO  | test.LoginTest  | ============================================================
2026-08-12 16:19:55 | INFO  | test.LoginTest  | STEP 1 : Login to MontreCY Admin Portal
2026-08-12 16:19:55 | INFO  | p.LoginPage     | Starting Login Process.
2026-08-12 16:19:55 | INFO  | p.LoginPage     | Entering Email.
2026-08-12 16:19:56 | INFO  | p.LoginPage     | Entering Password.
2026-08-12 16:19:56 | INFO  | p.LoginPage     | Clicking Login button.
2026-08-12 16:19:56 | INFO  | p.LoginPage     | Login completed successfully.
2026-08-12 16:19:56 | INFO  | test.LoginTest  | STEP 2 : Validate Dashboard page
2026-08-12 16:19:56 | INFO  | p.DashboardPage | Verifying Dashboard page.
2026-08-12 16:19:57 | INFO  | test.LoginTest  | STEP 3 : Validate Dashboard title
2026-08-12 16:19:57 | INFO  | p.DashboardPage | Getting Dashboard title.
2026-08-12 16:19:58 | INFO  | test.LoginTest  | TEST RESULT : PASSED
2026-08-12 16:19:58 | INFO  | test.LoginTest  | ============================================================
2026-08-12 16:20:02 | INFO  | test.LoginTest  | ============================================================
2026-08-12 16:20:02 | INFO  | test.LoginTest  | TEST CASE : TC_002 - Verify Admin Logout
2026-08-12 16:20:02 | INFO  | test.LoginTest  | ============================================================
2026-08-12 16:20:02 | INFO  | test.LoginTest  | STEP 1 : Login to MontreCY Admin Portal
2026-08-12 16:20:02 | INFO  | p.LoginPage     | Starting Login Process.
2026-08-12 16:20:02 | INFO  | p.LoginPage     | Entering Email.
2026-08-12 16:20:03 | INFO  | p.LoginPage     | Entering Password.
2026-08-12 16:20:03 | INFO  | p.LoginPage     | Clicking Login button.
2026-08-12 16:20:03 | INFO  | p.LoginPage     | Login completed successfully.
2026-08-12 16:20:03 | INFO  | test.LoginTest  | STEP 2 : Logout from MontreCY Admin Portal
2026-08-12 16:20:03 | INFO  | p.DashboardPage | Starting Logout process.
2026-08-12 16:20:04 | INFO  | p.DashboardPage | Clicked User Avatar.
2026-08-12 16:20:04 | INFO  | p.DashboardPage | Logout completed successfully.
2026-08-12 16:20:04 | INFO  | test.LoginTest  | STEP 3 : Validate Login page
2026-08-12 16:20:04 | INFO  | p.LoginPage     | Verifying Login page.
2026-08-12 16:20:04 | INFO  | test.LoginTest  | TEST RESULT : PASSED
2026-08-12 16:20:04 | INFO  | test.LoginTest  | ============================================================
2026-08-12 16:20:06 | INFO  | u.TestListener  | 
2026-08-12 16:20:06 | INFO  | u.TestListener  | ============================================================
2026-08-12 16:20:06 | INFO  | u.TestListener  | TEST EXECUTION SUMMARY
2026-08-12 16:20:06 | INFO  | u.TestListener  | ------------------------------------------------------------
2026-08-12 16:20:06 | INFO  | u.TestListener  | Suite       : MontreCY Automation Suite
2026-08-12 16:20:06 | INFO  | u.TestListener  | Total Tests : 2
2026-08-12 16:20:06 | INFO  | u.TestListener  | Passed      : 2
2026-08-12 16:20:06 | INFO  | u.TestListener  | Failed      : 0
2026-08-12 16:20:06 | INFO  | u.TestListener  | Skipped     : 0
2026-08-12 16:20:06 | INFO  | u.TestListener  | Pass Rate   : 100.00%
2026-08-12 16:20:06 | INFO  | u.TestListener  | Duration    : 18 sec
2026-08-12 16:20:06 | INFO  | u.TestListener  | ============================================================
2026-08-12 16:20:06 | INFO  | u.TestListener  | ============================================================
2026-08-12 16:20:06 | INFO  | u.TestListener  | TEST EXECUTION STARTED
2026-08-12 16:20:06 | INFO  | u.TestListener  | Suite : MontreCY Automation Suite
2026-08-12 16:20:06 | INFO  | u.TestListener  | ============================================================
2026-08-12 16:20:10 | INFO  | t.DashboardTest | ============================================================
2026-08-12 16:20:10 | INFO  | t.DashboardTest | TEST CASE : TC_003 - Verify Platform Pulse KPI Cards
2026-08-12 16:20:10 | INFO  | t.DashboardTest | ============================================================
2026-08-12 16:20:10 | INFO  | t.DashboardTest | STEP 1 : Login to MontreCY Admin Portal
2026-08-12 16:20:10 | INFO  | p.LoginPage     | Starting Login Process.
2026-08-12 16:20:10 | INFO  | p.LoginPage     | Entering Email.
2026-08-12 16:20:10 | INFO  | p.LoginPage     | Entering Password.
2026-08-12 16:20:11 | INFO  | p.LoginPage     | Clicking Login button.
2026-08-12 16:20:11 | INFO  | p.LoginPage     | Login completed successfully.
2026-08-12 16:20:11 | INFO  | t.DashboardTest | STEP 2 : Validate Dashboard page
2026-08-12 16:20:11 | INFO  | p.DashboardPage | Verifying Dashboard page.
2026-08-12 16:20:13 | INFO  | t.DashboardTest | STEP 3 : Validate Platform Pulse KPI Cards
2026-08-12 16:20:13 | INFO  | p.DashboardPage | Verifying Total Users card.
2026-08-12 16:20:13 | INFO  | p.DashboardPage | Verifying New Subscriptions card.
2026-08-12 16:20:13 | INFO  | p.DashboardPage | Verifying Revenue card.
2026-08-12 16:20:13 | INFO  | p.DashboardPage | Verifying Churn Rate card.
2026-08-12 16:20:13 | INFO  | p.DashboardPage | Verifying DAU card.
2026-08-12 16:20:13 | INFO  | t.DashboardTest | TEST RESULT : PASSED
2026-08-12 16:20:13 | INFO  | t.DashboardTest | ============================================================
2026-08-12 16:20:14 | INFO  | u.TestListener  | 
2026-08-12 16:20:14 | INFO  | u.TestListener  | ============================================================
2026-08-12 16:20:14 | INFO  | u.TestListener  | TEST EXECUTION SUMMARY
2026-08-12 16:20:14 | INFO  | u.TestListener  | ------------------------------------------------------------
2026-08-12 16:20:14 | INFO  | u.TestListener  | Suite       : MontreCY Automation Suite
2026-08-12 16:20:14 | INFO  | u.TestListener  | Total Tests : 1
2026-08-12 16:20:14 | INFO  | u.TestListener  | Passed      : 1
2026-08-12 16:20:14 | INFO  | u.TestListener  | Failed      : 0
2026-08-12 16:20:14 | INFO  | u.TestListener  | Skipped     : 0
2026-08-12 16:20:14 | INFO  | u.TestListener  | Pass Rate   : 100.00%
2026-08-12 16:20:14 | INFO  | u.TestListener  | Duration    : 7 sec
2026-08-12 16:20:14 | INFO  | u.TestListener  | ============================================================
2026-08-12 16:20:14 | INFO  | u.TestListener  | ============================================================
2026-08-12 16:20:14 | INFO  | u.TestListener  | TEST EXECUTION STARTED
2026-08-12 16:20:14 | INFO  | u.TestListener  | Suite : MontreCY Automation Suite
2026-08-12 16:20:14 | INFO  | u.TestListener  | ============================================================
2026-08-12 16:20:17 | INFO  | t.SubjectsTest  | Page objects initialized successfully.
2026-08-12 16:20:17 | INFO  | t.SubjectsTest  | TEST CASE : TC_SUBJECT_002 - Verify Add New Subject Button is Displayed
2026-08-12 16:20:17 | INFO  | p.LoginPage     | Starting Login Process.
2026-08-12 16:20:17 | INFO  | p.LoginPage     | Entering Email.
2026-08-12 16:20:17 | INFO  | p.LoginPage     | Entering Password.
2026-08-12 16:20:18 | INFO  | p.LoginPage     | Clicking Login button.
2026-08-12 16:20:18 | INFO  | p.LoginPage     | Login completed successfully.
2026-08-12 16:20:18 | INFO  | p.CommonActions | Waiting for element to be displayed: By.xpath: //*[normalize-space()='Dashboard']
2026-08-12 16:20:18 | INFO  | p.CommonActions | Clicking element: By.xpath: //*[normalize-space()='Content']
2026-08-12 16:20:18 | INFO  | p.CommonActions | Element clicked successfully: By.xpath: //*[normalize-space()='Content']
2026-08-12 16:20:19 | INFO  | p.CommonActions | Element displayed: By.xpath: //button[normalize-space()='Add New Subject'] | Result: true
2026-08-12 16:20:19 | INFO  | t.SubjectsTest  | TC_SUBJECT_002 PASSED
2026-08-12 16:20:23 | INFO  | t.SubjectsTest  | Page objects initialized successfully.
2026-08-12 16:20:23 | INFO  | t.SubjectsTest  | TEST CASE : TC_SUBJECT_003 - Verify Add New Subject Form is Displayed
2026-08-12 16:20:23 | INFO  | p.LoginPage     | Starting Login Process.
2026-08-12 16:20:23 | INFO  | p.LoginPage     | Entering Email.
2026-08-12 16:20:24 | INFO  | p.LoginPage     | Entering Password.
2026-08-12 16:20:24 | INFO  | p.LoginPage     | Clicking Login button.
2026-08-12 16:20:24 | INFO  | p.LoginPage     | Login completed successfully.
2026-08-12 16:20:24 | INFO  | p.CommonActions | Waiting for element to be displayed: By.xpath: //*[normalize-space()='Dashboard']
2026-08-12 16:20:25 | INFO  | p.CommonActions | Clicking element: By.xpath: //*[normalize-space()='Content']
2026-08-12 16:20:25 | INFO  | p.CommonActions | Element clicked successfully: By.xpath: //*[normalize-space()='Content']
2026-08-12 16:20:25 | INFO  | p.CommonActions | Element displayed: By.xpath: //*[normalize-space()='Subjects'] | Result: true
2026-08-12 16:20:25 | INFO  | p.CommonActions | Waiting for element to be clickable: By.xpath: //button[normalize-space()='Add New Subject']
2026-08-12 16:20:25 | INFO  | p.CommonActions | Clicking element: By.xpath: //button[normalize-space()='Add New Subject']
2026-08-12 16:20:26 | INFO  | p.CommonActions | Element clicked successfully: By.xpath: //button[normalize-space()='Add New Subject']
2026-08-12 16:20:26 | INFO  | p.CommonActions | Element displayed: By.xpath: //h2[normalize-space()='Add New Subject'] | Result: true
2026-08-12 16:20:26 | INFO  | t.SubjectsTest  | TC_SUBJECT_003 PASSED
2026-08-12 16:20:30 | INFO  | t.SubjectsTest  | Page objects initialized successfully.
2026-08-12 16:20:30 | INFO  | t.SubjectsTest  | TEST CASE : TC_SUBJECT_011 - Verify Edit Subject Screen and Actions
2026-08-12 16:20:30 | INFO  | p.LoginPage     | Starting Login Process.
2026-08-12 16:20:30 | INFO  | p.LoginPage     | Entering Email.
2026-08-12 16:20:30 | INFO  | p.LoginPage     | Entering Password.
2026-08-12 16:20:30 | INFO  | p.LoginPage     | Clicking Login button.
2026-08-12 16:20:31 | INFO  | p.LoginPage     | Login completed successfully.
2026-08-12 16:20:31 | INFO  | p.CommonActions | Waiting for element to be displayed: By.xpath: //*[normalize-space()='Dashboard']
2026-08-12 16:20:31 | INFO  | p.CommonActions | Clicking element: By.xpath: //*[normalize-space()='Content']
2026-08-12 16:20:31 | INFO  | p.CommonActions | Element clicked successfully: By.xpath: //*[normalize-space()='Content']
2026-08-12 16:20:32 | INFO  | p.CommonActions | Element displayed: By.xpath: //*[normalize-space()='Subjects'] | Result: true
2026-08-12 16:20:32 | INFO  | p.CommonActions | Waiting for element to be clickable: By.xpath: //div[@class='subjects-container']//div[1]//div[1]//div[1]//button[1]//span[2]
2026-08-12 16:20:32 | INFO  | p.CommonActions | Clicking element: By.xpath: //div[@class='subjects-container']//div[1]//div[1]//div[1]//button[1]//span[2]
2026-08-12 16:20:32 | INFO  | p.CommonActions | Element clicked successfully: By.xpath: //div[@class='subjects-container']//div[1]//div[1]//div[1]//button[1]//span[2]
2026-08-12 16:20:32 | INFO  | p.CommonActions | Element displayed: By.xpath: //h2[normalize-space()='Edit Subject'] | Result: true
2026-08-12 16:20:32 | INFO  | p.CommonActions | Element displayed: By.xpath: //span[normalize-space()='Cancel'] | Result: true
2026-08-12 16:20:32 | INFO  | p.CommonActions | Element displayed: By.xpath: //span[normalize-space()='Update Subject'] | Result: true
2026-08-12 16:20:32 | INFO  | t.SubjectsTest  | TC_SUBJECT_011 PASSED
2026-08-12 16:20:37 | INFO  | t.SubjectsTest  | Page objects initialized successfully.
2026-08-12 16:20:37 | INFO  | t.SubjectsTest  | TEST CASE : TC_SUBJECT_005 - Verify Subject Name Mandatory Validation
2026-08-12 16:20:37 | INFO  | p.LoginPage     | Starting Login Process.
2026-08-12 16:20:37 | INFO  | p.LoginPage     | Entering Email.
2026-08-12 16:20:37 | INFO  | p.LoginPage     | Entering Password.
2026-08-12 16:20:37 | INFO  | p.LoginPage     | Clicking Login button.
2026-08-12 16:20:37 | INFO  | p.LoginPage     | Login completed successfully.
2026-08-12 16:20:37 | INFO  | p.CommonActions | Waiting for element to be displayed: By.xpath: //*[normalize-space()='Dashboard']
2026-08-12 16:20:38 | INFO  | p.CommonActions | Clicking element: By.xpath: //*[normalize-space()='Content']
2026-08-12 16:20:38 | INFO  | p.CommonActions | Element clicked successfully: By.xpath: //*[normalize-space()='Content']
2026-08-12 16:20:39 | INFO  | p.CommonActions | Element displayed: By.xpath: //*[normalize-space()='Subjects'] | Result: true
2026-08-12 16:20:39 | INFO  | p.CommonActions | Waiting for element to be clickable: By.xpath: //button[normalize-space()='Add New Subject']
2026-08-12 16:20:39 | INFO  | p.CommonActions | Clicking element: By.xpath: //button[normalize-space()='Add New Subject']
2026-08-12 16:20:39 | INFO  | p.CommonActions | Element clicked successfully: By.xpath: //button[normalize-space()='Add New Subject']
2026-08-12 16:20:39 | INFO  | p.CommonActions | Submitting form for field validation.
2026-08-12 16:20:39 | INFO  | p.CommonActions | Clicking element: By.xpath: //div[contains(@class,'modal-actions')]//button[@type='button' and .//span[normalize-space()='Add Subject']]
2026-08-12 16:20:39 | INFO  | p.CommonActions | Element clicked successfully: By.xpath: //div[contains(@class,'modal-actions')]//button[@type='button' and .//span[normalize-space()='Add Subject']]
2026-08-12 16:20:39 | INFO  | p.CommonActions | Validating field error message. Expected: 'Subject name is required'
2026-08-12 16:20:39 | INFO  | p.CommonActions | Verify text | Expected: 'Subject name is required' | Actual: 'Subject name is required' | Result: true
2026-08-12 16:20:39 | INFO  | p.CommonActions | Field validation passed: 'Subject name is required'
2026-08-12 16:20:39 | INFO  | t.SubjectsTest  | TC_SUBJECT_005 PASSED
2026-08-12 16:20:43 | INFO  | t.SubjectsTest  | Page objects initialized successfully.
2026-08-12 16:20:43 | INFO  | t.SubjectsTest  | TEST CASE : TC_SUBJECT_001 - Verify Subjects Page is Displayed
2026-08-12 16:20:43 | INFO  | p.LoginPage     | Starting Login Process.
2026-08-12 16:20:43 | INFO  | p.LoginPage     | Entering Email.
2026-08-12 16:20:43 | INFO  | p.LoginPage     | Entering Password.
2026-08-12 16:20:44 | INFO  | p.LoginPage     | Clicking Login button.
2026-08-12 16:20:44 | INFO  | p.LoginPage     | Login completed successfully.
2026-08-12 16:20:44 | INFO  | p.CommonActions | Waiting for element to be displayed: By.xpath: //*[normalize-space()='Dashboard']
2026-08-12 16:20:44 | INFO  | p.CommonActions | Clicking element: By.xpath: //*[normalize-space()='Content']
2026-08-12 16:20:45 | INFO  | p.CommonActions | Element clicked successfully: By.xpath: //*[normalize-space()='Content']
2026-08-12 16:20:45 | INFO  | t.SubjectsTest  | VERIFY | Verifying Subjects page title is displayed
2026-08-12 16:20:45 | INFO  | p.CommonActions | Element displayed: By.xpath: //*[normalize-space()='Subjects'] | Result: true
2026-08-12 16:20:45 | INFO  | t.SubjectsTest  | VERIFY | Subjects page title displayed: true
2026-08-12 16:20:45 | INFO  | t.SubjectsTest  | ASSERT | Subjects page title verification passed
2026-08-12 16:20:45 | INFO  | t.SubjectsTest  | TC_SUBJECT_001 PASSED
2026-08-12 16:20:45 | INFO  | u.TestListener  | 
2026-08-12 16:20:45 | INFO  | u.TestListener  | ============================================================
2026-08-12 16:20:45 | INFO  | u.TestListener  | TEST EXECUTION SUMMARY
2026-08-12 16:20:45 | INFO  | u.TestListener  | ------------------------------------------------------------
2026-08-12 16:20:45 | INFO  | u.TestListener  | Suite       : MontreCY Automation Suite
2026-08-12 16:20:45 | INFO  | u.TestListener  | Total Tests : 5
2026-08-12 16:20:45 | INFO  | u.TestListener  | Passed      : 5
2026-08-12 16:20:45 | INFO  | u.TestListener  | Failed      : 0
2026-08-12 16:20:45 | INFO  | u.TestListener  | Skipped     : 0
2026-08-12 16:20:45 | INFO  | u.TestListener  | Pass Rate   : 100.00%
2026-08-12 16:20:45 | INFO  | u.TestListener  | Duration    : 31 sec
2026-08-12 16:20:45 | INFO  | u.TestListener  | ============================================================
2026-08-12 16:20:45 | INFO  | u.TestListener  | ============================================================
2026-08-12 16:20:45 | INFO  | u.TestListener  | TEST EXECUTION STARTED
2026-08-12 16:20:45 | INFO  | u.TestListener  | Suite : MontreCY Automation Suite
2026-08-12 16:20:45 | INFO  | u.TestListener  | ============================================================
2026-08-12 16:20:48 | INFO  | p.LoginPage     | Starting Login Process.
2026-08-12 16:20:48 | INFO  | p.LoginPage     | Entering Email.
2026-08-12 16:20:49 | INFO  | p.LoginPage     | Entering Password.
2026-08-12 16:20:49 | INFO  | p.LoginPage     | Clicking Login button.
2026-08-12 16:20:49 | INFO  | p.LoginPage     | Login completed successfully.
2026-08-12 16:20:49 | INFO  | p.CommonActions | Waiting for element to be displayed: By.xpath: //*[normalize-space()='Dashboard']
2026-08-12 16:20:50 | INFO  | p.CommonActions | Clicking element: By.xpath: //*[normalize-space()='Content']
2026-08-12 16:20:51 | INFO  | p.CommonActions | Element clicked successfully: By.xpath: //*[normalize-space()='Content']
2026-08-12 16:20:51 | INFO  | p.CommonActions | Element displayed: By.xpath: //*[normalize-space()='Subjects'] | Result: true
2026-08-12 16:20:51 | INFO  | p.CommonActions | Element displayed: By.xpath: //h3[normalize-space()='Science'] | Result: true
2026-08-12 16:20:51 | INFO  | p.CommonActions | Clicking element: By.xpath: //h3[normalize-space()='Science']
2026-08-12 16:20:51 | INFO  | p.CommonActions | Element clicked successfully: By.xpath: //h3[normalize-space()='Science']
2026-08-12 16:20:51 | INFO  | p.CommonActions | Clicking element: By.xpath: //span[contains(text(),'Add New Level')]
2026-08-12 16:20:52 | INFO  | p.CommonActions | Element clicked successfully: By.xpath: //span[contains(text(),'Add New Level')]
2026-08-12 16:20:52 | INFO  | p.CommonActions | Entering text '1' into: By.xpath: //input[@placeholder='Enter Level Number']
2026-08-12 16:20:52 | INFO  | p.CommonActions | Entering text 'FirstGrade' into: By.xpath: //input[@placeholder='e.g. Fifth Grade']
2026-08-12 16:20:52 | INFO  | p.CommonActions | Entering text 'English Basics' into: By.xpath: //textarea[@placeholder='Enter Description']
2026-08-12 16:20:56 | INFO  | p.CommonActions | Uploading file: D:\MontreCY\com.montrecy.automation\src\main\resources\ScienceSubject.png
2026-08-12 16:21:02 | INFO  | p.CommonActions | File uploaded successfully: ScienceSubject.png
2026-08-12 16:21:05 | INFO  | p.CommonActions | Uploaded image verified successfully.
2026-08-12 16:21:11 | INFO  | p.CommonActions | Clicking element: By.xpath: //div[@class='modal-actions']//span[normalize-space()='Add New Level']
2026-08-12 16:21:11 | INFO  | p.CommonActions | Element clicked successfully: By.xpath: //div[@class='modal-actions']//span[normalize-space()='Add New Level']
2026-08-12 16:21:14 | INFO  | p.CommonActions | Element displayed: By.xpath: //*[normalize-space()='This level number already exists for the selected subject.'] | Result: true
2026-08-12 16:21:17 | INFO  | p.LoginPage     | Starting Login Process.
2026-08-12 16:21:17 | INFO  | p.LoginPage     | Entering Email.
2026-08-12 16:21:18 | INFO  | p.LoginPage     | Entering Password.
2026-08-12 16:21:18 | INFO  | p.LoginPage     | Clicking Login button.
2026-08-12 16:21:18 | INFO  | p.LoginPage     | Login completed successfully.
2026-08-12 16:21:18 | INFO  | p.CommonActions | Waiting for element to be displayed: By.xpath: //*[normalize-space()='Dashboard']
2026-08-12 16:21:19 | INFO  | p.CommonActions | Clicking element: By.xpath: //*[normalize-space()='Content']
2026-08-12 16:21:19 | INFO  | p.CommonActions | Element clicked successfully: By.xpath: //*[normalize-space()='Content']
2026-08-12 16:21:19 | INFO  | p.CommonActions | Element displayed: By.xpath: //*[normalize-space()='Subjects'] | Result: true
2026-08-12 16:21:19 | INFO  | p.CommonActions | Element displayed: By.xpath: //h3[normalize-space()='Science'] | Result: true
2026-08-12 16:21:19 | INFO  | p.CommonActions | Clicking element: By.xpath: //h3[normalize-space()='Science']
2026-08-12 16:21:20 | INFO  | p.CommonActions | Element clicked successfully: By.xpath: //h3[normalize-space()='Science']
2026-08-12 16:21:20 | INFO  | p.CommonActions | Clicking element: By.xpath: //div[normalize-space()='Edit Level Details']
2026-08-12 16:21:20 | INFO  | p.CommonActions | Element clicked successfully: By.xpath: //div[normalize-space()='Edit Level Details']
2026-08-12 16:21:20 | INFO  | p.CommonActions | Element displayed: By.xpath: //input[@placeholder='Enter Level Number'] | Result: true
2026-08-12 16:21:20 | INFO  | p.CommonActions | Element displayed: By.xpath: //input[@placeholder='e.g. Fifth Grade'] | Result: true
2026-08-12 16:21:20 | INFO  | p.CommonActions | Element displayed: By.xpath: //textarea[@placeholder='Enter Description'] | Result: true
2026-08-12 16:21:20 | INFO  | p.CommonActions | Entering text '2' into: By.xpath: //input[@placeholder='Enter Level Number']
2026-08-12 16:21:20 | INFO  | p.CommonActions | Entering text 'SecondGrade' into: By.xpath: //input[@placeholder='e.g. Fifth Grade']
2026-08-12 16:21:21 | INFO  | p.CommonActions | Entering text 'Updated English Basics' into: By.xpath: //textarea[@placeholder='Enter Description']
2026-08-12 16:21:24 | INFO  | p.CommonActions | Uploading file: D:\MontreCY\com.montrecy.automation\src\main\resources\MathsSubject.png
2026-08-12 16:21:30 | INFO  | p.CommonActions | File uploaded successfully: MathsSubject.png
2026-08-12 16:21:33 | INFO  | p.CommonActions | Uploaded image verified successfully.
2026-08-12 16:21:42 | INFO  | p.CommonActions | Clicking element: By.xpath: //span[normalize-space()='Update Level']
2026-08-12 16:21:42 | INFO  | p.CommonActions | Element clicked successfully: By.xpath: //span[normalize-space()='Update Level']
2026-08-12 16:21:42 | INFO  | p.CommonActions | Element displayed: By.xpath: //input[@placeholder='Enter Level Number'] | Result: true
2026-08-12 16:21:42 | INFO  | p.CommonActions | Element displayed: By.xpath: //input[@placeholder='e.g. Fifth Grade'] | Result: true
2026-08-12 16:21:42 | INFO  | p.CommonActions | Element displayed: By.xpath: //textarea[@placeholder='Enter Description'] | Result: true
2026-08-12 16:21:45 | INFO  | p.LoginPage     | Starting Login Process.
2026-08-12 16:21:45 | INFO  | p.LoginPage     | Entering Email.
2026-08-12 16:21:46 | INFO  | p.LoginPage     | Entering Password.
2026-08-12 16:21:46 | INFO  | p.LoginPage     | Clicking Login button.
2026-08-12 16:21:46 | INFO  | p.LoginPage     | Login completed successfully.
2026-08-12 16:21:46 | INFO  | p.CommonActions | Waiting for element to be displayed: By.xpath: //*[normalize-space()='Dashboard']
2026-08-12 16:21:47 | INFO  | p.CommonActions | Clicking element: By.xpath: //*[normalize-space()='Content']
2026-08-12 16:21:47 | INFO  | p.CommonActions | Element clicked successfully: By.xpath: //*[normalize-space()='Content']
2026-08-12 16:21:47 | INFO  | p.CommonActions | Element displayed: By.xpath: //*[normalize-space()='Subjects'] | Result: true
2026-08-12 16:21:47 | INFO  | p.CommonActions | Element displayed: By.xpath: //h3[normalize-space()='Science'] | Result: true
2026-08-12 16:21:47 | INFO  | p.CommonActions | Clicking element: By.xpath: //h3[normalize-space()='Science']
2026-08-12 16:21:47 | INFO  | p.CommonActions | Element clicked successfully: By.xpath: //h3[normalize-space()='Science']
2026-08-12 16:21:50 | INFO  | p.CommonActions | Clicking element: By.xpath: //span[normalize-space()='Inactive']
2026-08-12 16:21:50 | INFO  | p.CommonActions | Element clicked successfully: By.xpath: //span[normalize-space()='Inactive']
2026-08-12 16:21:54 | INFO  | p.CommonActions | Verify text | Expected: 'Level status changed to Inactive' | Actual: 'Success
Level status changed to Inactive' | Result: true
2026-08-12 16:21:57 | INFO  | p.CommonActions | Clicking element: By.xpath: //span[normalize-space()='Active']
2026-08-12 16:21:57 | INFO  | p.CommonActions | Element clicked successfully: By.xpath: //span[normalize-space()='Active']
2026-08-12 16:22:00 | INFO  | p.CommonActions | Verify text | Expected: 'Level status changed to Active' | Actual: 'Success
Level status changed to Active' | Result: true
2026-08-12 16:22:01 | INFO  | u.TestListener  | 
2026-08-12 16:22:01 | INFO  | u.TestListener  | ============================================================
2026-08-12 16:22:01 | INFO  | u.TestListener  | TEST EXECUTION SUMMARY
2026-08-12 16:22:01 | INFO  | u.TestListener  | ------------------------------------------------------------
2026-08-12 16:22:01 | INFO  | u.TestListener  | Suite       : MontreCY Automation Suite
2026-08-12 16:22:01 | INFO  | u.TestListener  | Total Tests : 3
2026-08-12 16:22:01 | INFO  | u.TestListener  | Passed      : 3
2026-08-12 16:22:01 | INFO  | u.TestListener  | Failed      : 0
2026-08-12 16:22:01 | INFO  | u.TestListener  | Skipped     : 0
2026-08-12 16:22:01 | INFO  | u.TestListener  | Pass Rate   : 100.00%
2026-08-12 16:22:01 | INFO  | u.TestListener  | Duration    : 75 sec
2026-08-12 16:22:01 | INFO  | u.TestListener  | ============================================================
2026-08-12 16:29:15 | INFO  | u.TestListener  | ============================================================
2026-08-12 16:29:15 | INFO  | u.TestListener  | TEST EXECUTION STARTED
2026-08-12 16:29:15 | INFO  | u.TestListener  | Suite : MontreCY Automation Suite
2026-08-12 16:29:15 | INFO  | u.TestListener  | ============================================================
2026-08-12 16:29:25 | INFO  | test.LoginTest  | ============================================================
2026-08-12 16:29:25 | INFO  | test.LoginTest  | TEST CASE : TC_001 - Verify Admin Login and Dashboard Title
2026-08-12 16:29:25 | INFO  | test.LoginTest  | ============================================================
2026-08-12 16:29:25 | INFO  | test.LoginTest  | STEP 1 : Login to MontreCY Admin Portal
2026-08-12 16:29:25 | INFO  | p.LoginPage     | Starting Login Process.
2026-08-12 16:29:25 | INFO  | p.LoginPage     | Entering Email.
2026-08-12 16:29:25 | INFO  | p.LoginPage     | Entering Password.
2026-08-12 16:29:25 | INFO  | p.LoginPage     | Clicking Login button.
2026-08-12 16:29:26 | INFO  | p.LoginPage     | Login completed successfully.
2026-08-12 16:29:26 | INFO  | test.LoginTest  | STEP 2 : Validate Dashboard page
2026-08-12 16:29:26 | INFO  | p.DashboardPage | Verifying Dashboard page.
2026-08-12 16:29:27 | INFO  | test.LoginTest  | STEP 3 : Validate Dashboard title
2026-08-12 16:29:27 | INFO  | p.DashboardPage | Getting Dashboard title.
2026-08-12 16:29:27 | INFO  | test.LoginTest  | TEST RESULT : PASSED
2026-08-12 16:29:27 | INFO  | test.LoginTest  | ============================================================
2026-08-12 16:29:31 | INFO  | test.LoginTest  | ============================================================
2026-08-12 16:29:31 | INFO  | test.LoginTest  | TEST CASE : TC_002 - Verify Admin Logout
2026-08-12 16:29:31 | INFO  | test.LoginTest  | ============================================================
2026-08-12 16:29:31 | INFO  | test.LoginTest  | STEP 1 : Login to MontreCY Admin Portal
2026-08-12 16:29:31 | INFO  | p.LoginPage     | Starting Login Process.
2026-08-12 16:29:31 | INFO  | p.LoginPage     | Entering Email.
2026-08-12 16:29:31 | INFO  | p.LoginPage     | Entering Password.
2026-08-12 16:29:31 | INFO  | p.LoginPage     | Clicking Login button.
2026-08-12 16:29:31 | INFO  | p.LoginPage     | Login completed successfully.
2026-08-12 16:29:31 | INFO  | test.LoginTest  | STEP 2 : Logout from MontreCY Admin Portal
2026-08-12 16:29:31 | INFO  | p.DashboardPage | Starting Logout process.
2026-08-12 16:29:33 | INFO  | p.DashboardPage | Clicked User Avatar.
2026-08-12 16:29:33 | INFO  | p.DashboardPage | Logout completed successfully.
2026-08-12 16:29:33 | INFO  | test.LoginTest  | STEP 3 : Validate Login page
2026-08-12 16:29:33 | INFO  | p.LoginPage     | Verifying Login page.
2026-08-12 16:29:33 | INFO  | test.LoginTest  | TEST RESULT : PASSED
2026-08-12 16:29:33 | INFO  | test.LoginTest  | ============================================================
2026-08-12 16:29:34 | INFO  | u.TestListener  | 
2026-08-12 16:29:34 | INFO  | u.TestListener  | ============================================================
2026-08-12 16:29:34 | INFO  | u.TestListener  | TEST EXECUTION SUMMARY
2026-08-12 16:29:34 | INFO  | u.TestListener  | ------------------------------------------------------------
2026-08-12 16:29:34 | INFO  | u.TestListener  | Suite       : MontreCY Automation Suite
2026-08-12 16:29:34 | INFO  | u.TestListener  | Total Tests : 2
2026-08-12 16:29:34 | INFO  | u.TestListener  | Passed      : 2
2026-08-12 16:29:34 | INFO  | u.TestListener  | Failed      : 0
2026-08-12 16:29:34 | INFO  | u.TestListener  | Skipped     : 0
2026-08-12 16:29:34 | INFO  | u.TestListener  | Pass Rate   : 100.00%
2026-08-12 16:29:34 | INFO  | u.TestListener  | Duration    : 19 sec
2026-08-12 16:29:34 | INFO  | u.TestListener  | ============================================================
2026-08-12 16:29:34 | INFO  | u.TestListener  | ============================================================
2026-08-12 16:29:34 | INFO  | u.TestListener  | TEST EXECUTION STARTED
2026-08-12 16:29:34 | INFO  | u.TestListener  | Suite : MontreCY Automation Suite
2026-08-12 16:29:34 | INFO  | u.TestListener  | ============================================================
2026-08-12 16:29:38 | INFO  | t.DashboardTest | ============================================================
2026-08-12 16:29:38 | INFO  | t.DashboardTest | TEST CASE : TC_003 - Verify Platform Pulse KPI Cards
2026-08-12 16:29:38 | INFO  | t.DashboardTest | ============================================================
2026-08-12 16:29:38 | INFO  | t.DashboardTest | STEP 1 : Login to MontreCY Admin Portal
2026-08-12 16:29:38 | INFO  | p.LoginPage     | Starting Login Process.
2026-08-12 16:29:38 | INFO  | p.LoginPage     | Entering Email.
2026-08-12 16:29:38 | INFO  | p.LoginPage     | Entering Password.
2026-08-12 16:29:38 | INFO  | p.LoginPage     | Clicking Login button.
2026-08-12 16:29:38 | INFO  | p.LoginPage     | Login completed successfully.
2026-08-12 16:29:38 | INFO  | t.DashboardTest | STEP 2 : Validate Dashboard page
2026-08-12 16:29:38 | INFO  | p.DashboardPage | Verifying Dashboard page.
2026-08-12 16:29:40 | INFO  | t.DashboardTest | STEP 3 : Validate Platform Pulse KPI Cards
2026-08-12 16:29:40 | INFO  | p.DashboardPage | Verifying Total Users card.
2026-08-12 16:29:40 | INFO  | p.DashboardPage | Verifying New Subscriptions card.
2026-08-12 16:29:40 | INFO  | p.DashboardPage | Verifying Revenue card.
2026-08-12 16:29:40 | INFO  | p.DashboardPage | Verifying Churn Rate card.
2026-08-12 16:29:40 | INFO  | p.DashboardPage | Verifying DAU card.
2026-08-12 16:29:40 | INFO  | t.DashboardTest | TEST RESULT : PASSED
2026-08-12 16:29:40 | INFO  | t.DashboardTest | ============================================================
2026-08-12 16:29:40 | INFO  | u.TestListener  | 
2026-08-12 16:29:40 | INFO  | u.TestListener  | ============================================================
2026-08-12 16:29:40 | INFO  | u.TestListener  | TEST EXECUTION SUMMARY
2026-08-12 16:29:40 | INFO  | u.TestListener  | ------------------------------------------------------------
2026-08-12 16:29:40 | INFO  | u.TestListener  | Suite       : MontreCY Automation Suite
2026-08-12 16:29:40 | INFO  | u.TestListener  | Total Tests : 1
2026-08-12 16:29:40 | INFO  | u.TestListener  | Passed      : 1
2026-08-12 16:29:40 | INFO  | u.TestListener  | Failed      : 0
2026-08-12 16:29:40 | INFO  | u.TestListener  | Skipped     : 0
2026-08-12 16:29:40 | INFO  | u.TestListener  | Pass Rate   : 100.00%
2026-08-12 16:29:40 | INFO  | u.TestListener  | Duration    : 6 sec
2026-08-12 16:29:40 | INFO  | u.TestListener  | ============================================================
2026-08-12 16:29:40 | INFO  | u.TestListener  | ============================================================
2026-08-12 16:29:40 | INFO  | u.TestListener  | TEST EXECUTION STARTED
2026-08-12 16:29:40 | INFO  | u.TestListener  | Suite : MontreCY Automation Suite
2026-08-12 16:29:40 | INFO  | u.TestListener  | ============================================================
2026-08-12 16:29:43 | INFO  | t.SubjectsTest  | Page objects initialized successfully.
2026-08-12 16:29:43 | INFO  | t.SubjectsTest  | TEST CASE : TC_SUBJECT_002 - Verify Add New Subject Button is Displayed
2026-08-12 16:29:43 | INFO  | p.LoginPage     | Starting Login Process.
2026-08-12 16:29:43 | INFO  | p.LoginPage     | Entering Email.
2026-08-12 16:29:44 | INFO  | p.LoginPage     | Entering Password.
2026-08-12 16:29:44 | INFO  | p.LoginPage     | Clicking Login button.
2026-08-12 16:29:44 | INFO  | p.LoginPage     | Login completed successfully.
2026-08-12 16:29:44 | INFO  | p.CommonActions | Waiting for element to be displayed: By.xpath: //*[normalize-space()='Dashboard']
2026-08-12 16:29:45 | INFO  | p.CommonActions | Clicking element: By.xpath: //*[normalize-space()='Content']
2026-08-12 16:29:45 | INFO  | p.CommonActions | Element clicked successfully: By.xpath: //*[normalize-space()='Content']
2026-08-12 16:29:45 | INFO  | p.CommonActions | Element displayed: By.xpath: //button[normalize-space()='Add New Subject'] | Result: true
2026-08-12 16:29:45 | INFO  | t.SubjectsTest  | TC_SUBJECT_002 PASSED
2026-08-12 16:29:49 | INFO  | t.SubjectsTest  | Page objects initialized successfully.
2026-08-12 16:29:49 | INFO  | t.SubjectsTest  | TEST CASE : TC_SUBJECT_003 - Verify Add New Subject Form is Displayed
2026-08-12 16:29:49 | INFO  | p.LoginPage     | Starting Login Process.
2026-08-12 16:29:49 | INFO  | p.LoginPage     | Entering Email.
2026-08-12 16:29:49 | INFO  | p.LoginPage     | Entering Password.
2026-08-12 16:29:50 | INFO  | p.LoginPage     | Clicking Login button.
2026-08-12 16:29:50 | INFO  | p.LoginPage     | Login completed successfully.
2026-08-12 16:29:50 | INFO  | p.CommonActions | Waiting for element to be displayed: By.xpath: //*[normalize-space()='Dashboard']
2026-08-12 16:29:50 | INFO  | p.CommonActions | Clicking element: By.xpath: //*[normalize-space()='Content']
2026-08-12 16:29:51 | INFO  | p.CommonActions | Element clicked successfully: By.xpath: //*[normalize-space()='Content']
2026-08-12 16:29:51 | INFO  | p.CommonActions | Element displayed: By.xpath: //*[normalize-space()='Subjects'] | Result: true
2026-08-12 16:29:51 | INFO  | p.CommonActions | Waiting for element to be clickable: By.xpath: //button[normalize-space()='Add New Subject']
2026-08-12 16:29:51 | INFO  | p.CommonActions | Clicking element: By.xpath: //button[normalize-space()='Add New Subject']
2026-08-12 16:29:51 | INFO  | p.CommonActions | Element clicked successfully: By.xpath: //button[normalize-space()='Add New Subject']
2026-08-12 16:29:51 | INFO  | p.CommonActions | Element displayed: By.xpath: //h2[normalize-space()='Add New Subject'] | Result: true
2026-08-12 16:29:51 | INFO  | t.SubjectsTest  | TC_SUBJECT_003 PASSED
2026-08-12 16:29:55 | INFO  | t.SubjectsTest  | Page objects initialized successfully.
2026-08-12 16:29:55 | INFO  | t.SubjectsTest  | TEST CASE : TC_SUBJECT_011 - Verify Edit Subject Screen and Actions
2026-08-12 16:29:55 | INFO  | p.LoginPage     | Starting Login Process.
2026-08-12 16:29:55 | INFO  | p.LoginPage     | Entering Email.
2026-08-12 16:29:55 | INFO  | p.LoginPage     | Entering Password.
2026-08-12 16:29:55 | INFO  | p.LoginPage     | Clicking Login button.
2026-08-12 16:29:56 | INFO  | p.LoginPage     | Login completed successfully.
2026-08-12 16:29:56 | INFO  | p.CommonActions | Waiting for element to be displayed: By.xpath: //*[normalize-space()='Dashboard']
2026-08-12 16:30:05 | INFO  | p.CommonActions | Clicking element: By.xpath: //*[normalize-space()='Content']
2026-08-12 16:30:05 | INFO  | p.CommonActions | Element clicked successfully: By.xpath: //*[normalize-space()='Content']
2026-08-12 16:30:06 | INFO  | p.CommonActions | Element displayed: By.xpath: //*[normalize-space()='Subjects'] | Result: true
2026-08-12 16:30:06 | INFO  | p.CommonActions | Waiting for element to be clickable: By.xpath: //div[@class='subjects-container']//div[1]//div[1]//div[1]//button[1]//span[2]
2026-08-12 16:30:06 | INFO  | p.CommonActions | Clicking element: By.xpath: //div[@class='subjects-container']//div[1]//div[1]//div[1]//button[1]//span[2]
2026-08-12 16:30:06 | INFO  | p.CommonActions | Element clicked successfully: By.xpath: //div[@class='subjects-container']//div[1]//div[1]//div[1]//button[1]//span[2]
2026-08-12 16:30:06 | INFO  | p.CommonActions | Element displayed: By.xpath: //h2[normalize-space()='Edit Subject'] | Result: true
2026-08-12 16:30:06 | INFO  | p.CommonActions | Element displayed: By.xpath: //span[normalize-space()='Cancel'] | Result: true
2026-08-12 16:30:07 | INFO  | p.CommonActions | Element displayed: By.xpath: //span[normalize-space()='Update Subject'] | Result: true
2026-08-12 16:30:07 | INFO  | t.SubjectsTest  | TC_SUBJECT_011 PASSED
2026-08-12 16:30:11 | INFO  | t.SubjectsTest  | Page objects initialized successfully.
2026-08-12 16:30:11 | INFO  | t.SubjectsTest  | TEST CASE : TC_SUBJECT_005 - Verify Subject Name Mandatory Validation
2026-08-12 16:30:11 | INFO  | p.LoginPage     | Starting Login Process.
2026-08-12 16:30:11 | INFO  | p.LoginPage     | Entering Email.
2026-08-12 16:30:11 | INFO  | p.LoginPage     | Entering Password.
2026-08-12 16:30:11 | INFO  | p.LoginPage     | Clicking Login button.
2026-08-12 16:30:11 | INFO  | p.LoginPage     | Login completed successfully.
2026-08-12 16:30:11 | INFO  | p.CommonActions | Waiting for element to be displayed: By.xpath: //*[normalize-space()='Dashboard']
2026-08-12 16:30:12 | INFO  | p.CommonActions | Clicking element: By.xpath: //*[normalize-space()='Content']
2026-08-12 16:30:12 | INFO  | p.CommonActions | Element clicked successfully: By.xpath: //*[normalize-space()='Content']
2026-08-12 16:30:12 | INFO  | p.CommonActions | Element displayed: By.xpath: //*[normalize-space()='Subjects'] | Result: true
2026-08-12 16:30:12 | INFO  | p.CommonActions | Waiting for element to be clickable: By.xpath: //button[normalize-space()='Add New Subject']
2026-08-12 16:30:13 | INFO  | p.CommonActions | Clicking element: By.xpath: //button[normalize-space()='Add New Subject']
2026-08-12 16:30:13 | INFO  | p.CommonActions | Element clicked successfully: By.xpath: //button[normalize-space()='Add New Subject']
2026-08-12 16:30:13 | INFO  | p.CommonActions | Submitting form for field validation.
2026-08-12 16:30:13 | INFO  | p.CommonActions | Clicking element: By.xpath: //div[contains(@class,'modal-actions')]//button[@type='button' and .//span[normalize-space()='Add Subject']]
2026-08-12 16:30:13 | INFO  | p.CommonActions | Element clicked successfully: By.xpath: //div[contains(@class,'modal-actions')]//button[@type='button' and .//span[normalize-space()='Add Subject']]
2026-08-12 16:30:13 | INFO  | p.CommonActions | Validating field error message. Expected: 'Subject name is required'
2026-08-12 16:30:14 | INFO  | p.CommonActions | Verify text | Expected: 'Subject name is required' | Actual: 'Subject name is required' | Result: true
2026-08-12 16:30:14 | INFO  | p.CommonActions | Field validation passed: 'Subject name is required'
2026-08-12 16:30:14 | INFO  | t.SubjectsTest  | TC_SUBJECT_005 PASSED
2026-08-12 16:30:18 | INFO  | t.SubjectsTest  | Page objects initialized successfully.
2026-08-12 16:30:18 | INFO  | t.SubjectsTest  | TEST CASE : TC_SUBJECT_001 - Verify Subjects Page is Displayed
2026-08-12 16:30:18 | INFO  | p.LoginPage     | Starting Login Process.
2026-08-12 16:30:18 | INFO  | p.LoginPage     | Entering Email.
2026-08-12 16:30:18 | INFO  | p.LoginPage     | Entering Password.
2026-08-12 16:30:18 | INFO  | p.LoginPage     | Clicking Login button.
2026-08-12 16:30:19 | INFO  | p.LoginPage     | Login completed successfully.
2026-08-12 16:30:19 | INFO  | p.CommonActions | Waiting for element to be displayed: By.xpath: //*[normalize-space()='Dashboard']
2026-08-12 16:30:20 | INFO  | p.CommonActions | Clicking element: By.xpath: //*[normalize-space()='Content']
2026-08-12 16:30:20 | INFO  | p.CommonActions | Element clicked successfully: By.xpath: //*[normalize-space()='Content']
2026-08-12 16:30:20 | INFO  | t.SubjectsTest  | VERIFY | Verifying Subjects page title is displayed
2026-08-12 16:30:20 | INFO  | p.CommonActions | Element displayed: By.xpath: //*[normalize-space()='Subjects'] | Result: true
2026-08-12 16:30:20 | INFO  | t.SubjectsTest  | VERIFY | Subjects page title displayed: true
2026-08-12 16:30:20 | INFO  | t.SubjectsTest  | ASSERT | Subjects page title verification passed
2026-08-12 16:30:20 | INFO  | t.SubjectsTest  | TC_SUBJECT_001 PASSED
2026-08-12 16:30:21 | INFO  | u.TestListener  | 
2026-08-12 16:30:21 | INFO  | u.TestListener  | ============================================================
2026-08-12 16:30:21 | INFO  | u.TestListener  | TEST EXECUTION SUMMARY
2026-08-12 16:30:21 | INFO  | u.TestListener  | ------------------------------------------------------------
2026-08-12 16:30:21 | INFO  | u.TestListener  | Suite       : MontreCY Automation Suite
2026-08-12 16:30:21 | INFO  | u.TestListener  | Total Tests : 5
2026-08-12 16:30:21 | INFO  | u.TestListener  | Passed      : 5
2026-08-12 16:30:21 | INFO  | u.TestListener  | Failed      : 0
2026-08-12 16:30:21 | INFO  | u.TestListener  | Skipped     : 0
2026-08-12 16:30:21 | INFO  | u.TestListener  | Pass Rate   : 100.00%
2026-08-12 16:30:21 | INFO  | u.TestListener  | Duration    : 40 sec
2026-08-12 16:30:21 | INFO  | u.TestListener  | ============================================================
2026-08-12 16:30:21 | INFO  | u.TestListener  | ============================================================
2026-08-12 16:30:21 | INFO  | u.TestListener  | TEST EXECUTION STARTED
2026-08-12 16:30:21 | INFO  | u.TestListener  | Suite : MontreCY Automation Suite
2026-08-12 16:30:21 | INFO  | u.TestListener  | ============================================================
2026-08-12 16:30:24 | INFO  | p.LoginPage     | Starting Login Process.
2026-08-12 16:30:24 | INFO  | p.LoginPage     | Entering Email.
2026-08-12 16:30:24 | INFO  | p.LoginPage     | Entering Password.
2026-08-12 16:30:24 | INFO  | p.LoginPage     | Clicking Login button.
2026-08-12 16:30:24 | INFO  | p.LoginPage     | Login completed successfully.
2026-08-12 16:30:24 | INFO  | p.CommonActions | Waiting for element to be displayed: By.xpath: //*[normalize-space()='Dashboard']
2026-08-12 16:30:25 | INFO  | p.CommonActions | Clicking element: By.xpath: //*[normalize-space()='Content']
2026-08-12 16:30:26 | INFO  | p.CommonActions | Element clicked successfully: By.xpath: //*[normalize-space()='Content']
2026-08-12 16:30:26 | INFO  | p.CommonActions | Element displayed: By.xpath: //*[normalize-space()='Subjects'] | Result: true
2026-08-12 16:30:26 | INFO  | p.CommonActions | Element displayed: By.xpath: //h3[normalize-space()='Science'] | Result: true
2026-08-12 16:30:26 | INFO  | p.CommonActions | Clicking element: By.xpath: //h3[normalize-space()='Science']
2026-08-12 16:30:26 | INFO  | p.CommonActions | Element clicked successfully: By.xpath: //h3[normalize-space()='Science']
2026-08-12 16:30:26 | INFO  | p.CommonActions | Clicking element: By.xpath: //span[contains(text(),'Add New Level')]
2026-08-12 16:30:27 | INFO  | p.CommonActions | Element clicked successfully: By.xpath: //span[contains(text(),'Add New Level')]
2026-08-12 16:30:27 | INFO  | p.CommonActions | Entering text '1' into: By.xpath: //input[@placeholder='Enter Level Number']
2026-08-12 16:30:27 | INFO  | p.CommonActions | Entering text 'FirstGrade' into: By.xpath: //input[@placeholder='e.g. Fifth Grade']
2026-08-12 16:30:27 | INFO  | p.CommonActions | Entering text 'English Basics' into: By.xpath: //textarea[@placeholder='Enter Description']
2026-08-12 16:30:30 | INFO  | p.CommonActions | Uploading file: D:\MontreCY\com.montrecy.automation\src\main\resources\ScienceSubject.png
2026-08-12 16:30:36 | INFO  | p.CommonActions | File uploaded successfully: ScienceSubject.png
2026-08-12 16:30:40 | INFO  | p.CommonActions | Uploaded image verified successfully.
2026-08-12 16:30:46 | INFO  | p.CommonActions | Clicking element: By.xpath: //div[@class='modal-actions']//span[normalize-space()='Add New Level']
2026-08-12 16:30:46 | INFO  | p.CommonActions | Element clicked successfully: By.xpath: //div[@class='modal-actions']//span[normalize-space()='Add New Level']
2026-08-12 16:31:09 | ERROR | p.CommonActions | Element not displayed: By.xpath: //*[normalize-space()='This level number already exists for the selected subject.']
2026-08-12 16:31:13 | INFO  | p.LoginPage     | Starting Login Process.
2026-08-12 16:31:13 | INFO  | p.LoginPage     | Entering Email.
2026-08-12 16:31:13 | INFO  | p.LoginPage     | Entering Password.
2026-08-12 16:31:14 | INFO  | p.LoginPage     | Clicking Login button.
2026-08-12 16:31:14 | INFO  | p.LoginPage     | Login completed successfully.
2026-08-12 16:31:14 | INFO  | p.CommonActions | Waiting for element to be displayed: By.xpath: //*[normalize-space()='Dashboard']
2026-08-12 16:31:14 | INFO  | p.CommonActions | Clicking element: By.xpath: //*[normalize-space()='Content']
2026-08-12 16:31:14 | INFO  | p.CommonActions | Element clicked successfully: By.xpath: //*[normalize-space()='Content']
2026-08-12 16:31:14 | INFO  | p.CommonActions | Element displayed: By.xpath: //*[normalize-space()='Subjects'] | Result: true
2026-08-12 16:31:15 | INFO  | p.CommonActions | Element displayed: By.xpath: //h3[normalize-space()='Science'] | Result: true
2026-08-12 16:31:15 | INFO  | p.CommonActions | Clicking element: By.xpath: //h3[normalize-space()='Science']
2026-08-12 16:31:15 | INFO  | p.CommonActions | Element clicked successfully: By.xpath: //h3[normalize-space()='Science']
2026-08-12 16:31:15 | INFO  | p.CommonActions | Clicking element: By.xpath: //div[normalize-space()='Edit Level Details']
2026-08-12 16:31:16 | INFO  | p.CommonActions | Element clicked successfully: By.xpath: //div[normalize-space()='Edit Level Details']
2026-08-12 16:31:16 | INFO  | p.CommonActions | Element displayed: By.xpath: //input[@placeholder='Enter Level Number'] | Result: true
2026-08-12 16:31:16 | INFO  | p.CommonActions | Element displayed: By.xpath: //input[@placeholder='e.g. Fifth Grade'] | Result: true
2026-08-12 16:31:16 | INFO  | p.CommonActions | Element displayed: By.xpath: //textarea[@placeholder='Enter Description'] | Result: true
2026-08-12 16:31:16 | INFO  | p.CommonActions | Entering text '2' into: By.xpath: //input[@placeholder='Enter Level Number']
2026-08-12 16:31:17 | INFO  | p.CommonActions | Entering text 'SecondGrade' into: By.xpath: //input[@placeholder='e.g. Fifth Grade']
2026-08-12 16:31:17 | INFO  | p.CommonActions | Entering text 'Updated English Basics' into: By.xpath: //textarea[@placeholder='Enter Description']
2026-08-12 16:31:20 | INFO  | p.CommonActions | Uploading file: D:\MontreCY\com.montrecy.automation\src\main\resources\MathsSubject.png
2026-08-12 16:31:26 | INFO  | p.CommonActions | File uploaded successfully: MathsSubject.png
2026-08-12 16:31:29 | INFO  | p.CommonActions | Uploaded image verified successfully.
2026-08-12 16:31:38 | INFO  | p.CommonActions | Clicking element: By.xpath: //span[normalize-space()='Update Level']
2026-08-12 16:31:39 | INFO  | p.CommonActions | Element clicked successfully: By.xpath: //span[normalize-space()='Update Level']
2026-08-12 16:31:39 | INFO  | p.CommonActions | Element displayed: By.xpath: //input[@placeholder='Enter Level Number'] | Result: true
2026-08-12 16:31:39 | INFO  | p.CommonActions | Element displayed: By.xpath: //input[@placeholder='e.g. Fifth Grade'] | Result: true
2026-08-12 16:31:39 | INFO  | p.CommonActions | Element displayed: By.xpath: //textarea[@placeholder='Enter Description'] | Result: true
2026-08-12 16:31:43 | INFO  | p.LoginPage     | Starting Login Process.
2026-08-12 16:31:43 | INFO  | p.LoginPage     | Entering Email.
2026-08-12 16:31:43 | INFO  | p.LoginPage     | Entering Password.
2026-08-12 16:31:44 | INFO  | p.LoginPage     | Clicking Login button.
2026-08-12 16:31:44 | INFO  | p.LoginPage     | Login completed successfully.
2026-08-12 16:31:44 | INFO  | p.CommonActions | Waiting for element to be displayed: By.xpath: //*[normalize-space()='Dashboard']
2026-08-12 16:31:45 | INFO  | p.CommonActions | Clicking element: By.xpath: //*[normalize-space()='Content']
2026-08-12 16:31:45 | INFO  | p.CommonActions | Element clicked successfully: By.xpath: //*[normalize-space()='Content']
2026-08-12 16:31:45 | INFO  | p.CommonActions | Element displayed: By.xpath: //*[normalize-space()='Subjects'] | Result: true
2026-08-12 16:31:46 | INFO  | p.CommonActions | Element displayed: By.xpath: //h3[normalize-space()='Science'] | Result: true
2026-08-12 16:31:46 | INFO  | p.CommonActions | Clicking element: By.xpath: //h3[normalize-space()='Science']
2026-08-12 16:31:47 | INFO  | p.CommonActions | Element clicked successfully: By.xpath: //h3[normalize-space()='Science']
2026-08-12 16:31:50 | INFO  | p.CommonActions | Clicking element: By.xpath: //span[normalize-space()='Inactive']
2026-08-12 16:31:50 | INFO  | p.CommonActions | Element clicked successfully: By.xpath: //span[normalize-space()='Inactive']
2026-08-12 16:31:53 | INFO  | p.CommonActions | Verify text | Expected: 'Level status changed to Inactive' | Actual: 'Success
Level status changed to Inactive' | Result: true
2026-08-12 16:31:56 | INFO  | p.CommonActions | Clicking element: By.xpath: //span[normalize-space()='Active']
2026-08-12 16:31:56 | INFO  | p.CommonActions | Element clicked successfully: By.xpath: //span[normalize-space()='Active']
2026-08-12 16:31:59 | INFO  | p.CommonActions | Verify text | Expected: 'Level status changed to Active' | Actual: 'Success
Level status changed to Active' | Result: true
2026-08-12 16:32:00 | INFO  | u.TestListener  | 
2026-08-12 16:32:00 | INFO  | u.TestListener  | ============================================================
2026-08-12 16:32:00 | INFO  | u.TestListener  | TEST EXECUTION SUMMARY
2026-08-12 16:32:00 | INFO  | u.TestListener  | ------------------------------------------------------------
2026-08-12 16:32:00 | INFO  | u.TestListener  | Suite       : MontreCY Automation Suite
2026-08-12 16:32:00 | INFO  | u.TestListener  | Total Tests : 3
2026-08-12 16:32:00 | INFO  | u.TestListener  | Passed      : 3
2026-08-12 16:32:00 | INFO  | u.TestListener  | Failed      : 0
2026-08-12 16:32:00 | INFO  | u.TestListener  | Skipped     : 0
2026-08-12 16:32:00 | INFO  | u.TestListener  | Pass Rate   : 100.00%
2026-08-12 16:32:00 | INFO  | u.TestListener  | Duration    : 99 sec
2026-08-12 16:32:00 | INFO  | u.TestListener  | ============================================================
2026-08-12 16:34:12 | INFO  | u.TestListener  | ============================================================
2026-08-12 16:34:12 | INFO  | u.TestListener  | TEST EXECUTION STARTED
2026-08-12 16:34:12 | INFO  | u.TestListener  | Suite : MontreCY Automation Suite
2026-08-12 16:34:12 | INFO  | u.TestListener  | ============================================================
2026-08-12 16:34:17 | INFO  | test.LoginTest  | ============================================================
2026-08-12 16:34:17 | INFO  | test.LoginTest  | TEST CASE : TC_001 - Verify Admin Login and Dashboard Title
2026-08-12 16:34:17 | INFO  | test.LoginTest  | ============================================================
2026-08-12 16:34:17 | INFO  | test.LoginTest  | STEP 1 : Login to MontreCY Admin Portal
2026-08-12 16:34:17 | INFO  | p.LoginPage     | Starting Login Process.
2026-08-12 16:34:17 | INFO  | p.LoginPage     | Entering Email.
2026-08-12 16:34:17 | INFO  | p.LoginPage     | Entering Password.
2026-08-12 16:34:18 | INFO  | p.LoginPage     | Clicking Login button.
2026-08-12 16:34:18 | INFO  | p.LoginPage     | Login completed successfully.
2026-08-12 16:34:18 | INFO  | test.LoginTest  | STEP 2 : Validate Dashboard page
2026-08-12 16:34:18 | INFO  | p.DashboardPage | Verifying Dashboard page.
2026-08-12 16:34:19 | INFO  | test.LoginTest  | STEP 3 : Validate Dashboard title
2026-08-12 16:34:19 | INFO  | p.DashboardPage | Getting Dashboard title.
2026-08-12 16:34:19 | INFO  | test.LoginTest  | TEST RESULT : PASSED
2026-08-12 16:34:19 | INFO  | test.LoginTest  | ============================================================
2026-08-12 16:34:22 | INFO  | test.LoginTest  | ============================================================
2026-08-12 16:34:22 | INFO  | test.LoginTest  | TEST CASE : TC_002 - Verify Admin Logout
2026-08-12 16:34:22 | INFO  | test.LoginTest  | ============================================================
2026-08-12 16:34:22 | INFO  | test.LoginTest  | STEP 1 : Login to MontreCY Admin Portal
2026-08-12 16:34:22 | INFO  | p.LoginPage     | Starting Login Process.
2026-08-12 16:34:22 | INFO  | p.LoginPage     | Entering Email.
2026-08-12 16:34:23 | INFO  | p.LoginPage     | Entering Password.
2026-08-12 16:34:23 | INFO  | p.LoginPage     | Clicking Login button.
2026-08-12 16:34:23 | INFO  | p.LoginPage     | Login completed successfully.
2026-08-12 16:34:23 | INFO  | test.LoginTest  | STEP 2 : Logout from MontreCY Admin Portal
2026-08-12 16:34:23 | INFO  | p.DashboardPage | Starting Logout process.
2026-08-12 16:34:24 | INFO  | p.DashboardPage | Clicked User Avatar.
2026-08-12 16:34:24 | INFO  | p.DashboardPage | Logout completed successfully.
2026-08-12 16:34:24 | INFO  | test.LoginTest  | STEP 3 : Validate Login page
2026-08-12 16:34:24 | INFO  | p.LoginPage     | Verifying Login page.
2026-08-12 16:34:24 | INFO  | test.LoginTest  | TEST RESULT : PASSED
2026-08-12 16:34:24 | INFO  | test.LoginTest  | ============================================================
2026-08-12 16:34:25 | INFO  | u.TestListener  | 
2026-08-12 16:34:25 | INFO  | u.TestListener  | ============================================================
2026-08-12 16:34:25 | INFO  | u.TestListener  | TEST EXECUTION SUMMARY
2026-08-12 16:34:25 | INFO  | u.TestListener  | ------------------------------------------------------------
2026-08-12 16:34:25 | INFO  | u.TestListener  | Suite       : MontreCY Automation Suite
2026-08-12 16:34:25 | INFO  | u.TestListener  | Total Tests : 2
2026-08-12 16:34:25 | INFO  | u.TestListener  | Passed      : 2
2026-08-12 16:34:25 | INFO  | u.TestListener  | Failed      : 0
2026-08-12 16:34:25 | INFO  | u.TestListener  | Skipped     : 0
2026-08-12 16:34:25 | INFO  | u.TestListener  | Pass Rate   : 100.00%
2026-08-12 16:34:25 | INFO  | u.TestListener  | Duration    : 14 sec
2026-08-12 16:34:25 | INFO  | u.TestListener  | ============================================================
2026-08-12 16:34:25 | INFO  | u.TestListener  | ============================================================
2026-08-12 16:34:25 | INFO  | u.TestListener  | TEST EXECUTION STARTED
2026-08-12 16:34:25 | INFO  | u.TestListener  | Suite : MontreCY Automation Suite
2026-08-12 16:34:25 | INFO  | u.TestListener  | ============================================================
2026-08-12 16:34:29 | INFO  | t.DashboardTest | ============================================================
2026-08-12 16:34:29 | INFO  | t.DashboardTest | TEST CASE : TC_003 - Verify Platform Pulse KPI Cards
2026-08-12 16:34:29 | INFO  | t.DashboardTest | ============================================================
2026-08-12 16:34:29 | INFO  | t.DashboardTest | STEP 1 : Login to MontreCY Admin Portal
2026-08-12 16:34:29 | INFO  | p.LoginPage     | Starting Login Process.
2026-08-12 16:34:29 | INFO  | p.LoginPage     | Entering Email.
2026-08-12 16:34:29 | INFO  | p.LoginPage     | Entering Password.
2026-08-12 16:34:29 | INFO  | p.LoginPage     | Clicking Login button.
2026-08-12 16:34:30 | INFO  | p.LoginPage     | Login completed successfully.
2026-08-12 16:34:30 | INFO  | t.DashboardTest | STEP 2 : Validate Dashboard page
2026-08-12 16:34:30 | INFO  | p.DashboardPage | Verifying Dashboard page.
2026-08-12 16:34:31 | INFO  | t.DashboardTest | STEP 3 : Validate Platform Pulse KPI Cards
2026-08-12 16:34:31 | INFO  | p.DashboardPage | Verifying Total Users card.
2026-08-12 16:34:31 | INFO  | p.DashboardPage | Verifying New Subscriptions card.
2026-08-12 16:34:31 | INFO  | p.DashboardPage | Verifying Revenue card.
2026-08-12 16:34:31 | INFO  | p.DashboardPage | Verifying Churn Rate card.
2026-08-12 16:34:31 | INFO  | p.DashboardPage | Verifying DAU card.
2026-08-12 16:34:31 | INFO  | t.DashboardTest | TEST RESULT : PASSED
2026-08-12 16:34:31 | INFO  | t.DashboardTest | ============================================================
2026-08-12 16:34:31 | INFO  | u.TestListener  | 
2026-08-12 16:34:31 | INFO  | u.TestListener  | ============================================================
2026-08-12 16:34:31 | INFO  | u.TestListener  | TEST EXECUTION SUMMARY
2026-08-12 16:34:31 | INFO  | u.TestListener  | ------------------------------------------------------------
2026-08-12 16:34:31 | INFO  | u.TestListener  | Suite       : MontreCY Automation Suite
2026-08-12 16:34:31 | INFO  | u.TestListener  | Total Tests : 1
2026-08-12 16:34:31 | INFO  | u.TestListener  | Passed      : 1
2026-08-12 16:34:31 | INFO  | u.TestListener  | Failed      : 0
2026-08-12 16:34:31 | INFO  | u.TestListener  | Skipped     : 0
2026-08-12 16:34:31 | INFO  | u.TestListener  | Pass Rate   : 100.00%
2026-08-12 16:34:31 | INFO  | u.TestListener  | Duration    : 5 sec
2026-08-12 16:34:31 | INFO  | u.TestListener  | ============================================================
2026-08-12 16:34:31 | INFO  | u.TestListener  | ============================================================
2026-08-12 16:34:31 | INFO  | u.TestListener  | TEST EXECUTION STARTED
2026-08-12 16:34:31 | INFO  | u.TestListener  | Suite : MontreCY Automation Suite
2026-08-12 16:34:31 | INFO  | u.TestListener  | ============================================================
2026-08-12 16:34:34 | INFO  | t.SubjectsTest  | Page objects initialized successfully.
2026-08-12 16:34:34 | INFO  | t.SubjectsTest  | TEST CASE : TC_SUBJECT_002 - Verify Add New Subject Button is Displayed
2026-08-12 16:34:34 | INFO  | p.LoginPage     | Starting Login Process.
2026-08-12 16:34:34 | INFO  | p.LoginPage     | Entering Email.
2026-08-12 16:34:35 | INFO  | p.LoginPage     | Entering Password.
2026-08-12 16:34:35 | INFO  | p.LoginPage     | Clicking Login button.
2026-08-12 16:34:35 | INFO  | p.LoginPage     | Login completed successfully.
2026-08-12 16:34:35 | INFO  | p.CommonActions | Waiting for element to be displayed: By.xpath: //*[normalize-space()='Dashboard']
2026-08-12 16:34:36 | INFO  | p.CommonActions | Clicking element: By.xpath: //*[normalize-space()='Content']
2026-08-12 16:34:36 | INFO  | p.CommonActions | Element clicked successfully: By.xpath: //*[normalize-space()='Content']
2026-08-12 16:34:36 | INFO  | p.CommonActions | Element displayed: By.xpath: //button[normalize-space()='Add New Subject'] | Result: true
2026-08-12 16:34:36 | INFO  | t.SubjectsTest  | TC_SUBJECT_002 PASSED
2026-08-12 16:34:40 | INFO  | t.SubjectsTest  | Page objects initialized successfully.
2026-08-12 16:34:40 | INFO  | t.SubjectsTest  | TEST CASE : TC_SUBJECT_003 - Verify Add New Subject Form is Displayed
2026-08-12 16:34:40 | INFO  | p.LoginPage     | Starting Login Process.
2026-08-12 16:34:40 | INFO  | p.LoginPage     | Entering Email.
2026-08-12 16:34:40 | INFO  | p.LoginPage     | Entering Password.
2026-08-12 16:34:41 | INFO  | p.LoginPage     | Clicking Login button.
2026-08-12 16:34:41 | INFO  | p.LoginPage     | Login completed successfully.
2026-08-12 16:34:41 | INFO  | p.CommonActions | Waiting for element to be displayed: By.xpath: //*[normalize-space()='Dashboard']
2026-08-12 16:34:41 | INFO  | p.CommonActions | Clicking element: By.xpath: //*[normalize-space()='Content']
2026-08-12 16:34:42 | INFO  | p.CommonActions | Element clicked successfully: By.xpath: //*[normalize-space()='Content']
2026-08-12 16:34:42 | INFO  | p.CommonActions | Element displayed: By.xpath: //*[normalize-space()='Subjects'] | Result: true
2026-08-12 16:34:42 | INFO  | p.CommonActions | Waiting for element to be clickable: By.xpath: //button[normalize-space()='Add New Subject']
2026-08-12 16:34:42 | INFO  | p.CommonActions | Clicking element: By.xpath: //button[normalize-space()='Add New Subject']
2026-08-12 16:34:42 | INFO  | p.CommonActions | Element clicked successfully: By.xpath: //button[normalize-space()='Add New Subject']
2026-08-12 16:34:42 | INFO  | p.CommonActions | Element displayed: By.xpath: //h2[normalize-space()='Add New Subject'] | Result: true
2026-08-12 16:34:42 | INFO  | t.SubjectsTest  | TC_SUBJECT_003 PASSED
2026-08-12 16:34:46 | INFO  | t.SubjectsTest  | Page objects initialized successfully.
2026-08-12 16:34:46 | INFO  | t.SubjectsTest  | TEST CASE : TC_SUBJECT_011 - Verify Edit Subject Screen and Actions
2026-08-12 16:34:46 | INFO  | p.LoginPage     | Starting Login Process.
2026-08-12 16:34:46 | INFO  | p.LoginPage     | Entering Email.
2026-08-12 16:34:46 | INFO  | p.LoginPage     | Entering Password.
2026-08-12 16:34:46 | INFO  | p.LoginPage     | Clicking Login button.
2026-08-12 16:34:46 | INFO  | p.LoginPage     | Login completed successfully.
2026-08-12 16:34:46 | INFO  | p.CommonActions | Waiting for element to be displayed: By.xpath: //*[normalize-space()='Dashboard']
2026-08-12 16:34:47 | INFO  | p.CommonActions | Clicking element: By.xpath: //*[normalize-space()='Content']
2026-08-12 16:34:47 | INFO  | p.CommonActions | Element clicked successfully: By.xpath: //*[normalize-space()='Content']
2026-08-12 16:34:47 | INFO  | p.CommonActions | Element displayed: By.xpath: //*[normalize-space()='Subjects'] | Result: true
2026-08-12 16:34:47 | INFO  | p.CommonActions | Waiting for element to be clickable: By.xpath: //div[@class='subjects-container']//div[1]//div[1]//div[1]//button[1]//span[2]
2026-08-12 16:34:47 | INFO  | p.CommonActions | Clicking element: By.xpath: //div[@class='subjects-container']//div[1]//div[1]//div[1]//button[1]//span[2]
2026-08-12 16:34:48 | INFO  | p.CommonActions | Element clicked successfully: By.xpath: //div[@class='subjects-container']//div[1]//div[1]//div[1]//button[1]//span[2]
2026-08-12 16:34:48 | INFO  | p.CommonActions | Element displayed: By.xpath: //h2[normalize-space()='Edit Subject'] | Result: true
2026-08-12 16:34:48 | INFO  | p.CommonActions | Element displayed: By.xpath: //span[normalize-space()='Cancel'] | Result: true
2026-08-12 16:34:48 | INFO  | p.CommonActions | Element displayed: By.xpath: //span[normalize-space()='Update Subject'] | Result: true
2026-08-12 16:34:48 | INFO  | t.SubjectsTest  | TC_SUBJECT_011 PASSED
2026-08-12 16:34:51 | INFO  | t.SubjectsTest  | Page objects initialized successfully.
2026-08-12 16:34:51 | INFO  | t.SubjectsTest  | TEST CASE : TC_SUBJECT_005 - Verify Subject Name Mandatory Validation
2026-08-12 16:34:51 | INFO  | p.LoginPage     | Starting Login Process.
2026-08-12 16:34:51 | INFO  | p.LoginPage     | Entering Email.
2026-08-12 16:34:51 | INFO  | p.LoginPage     | Entering Password.
2026-08-12 16:34:52 | INFO  | p.LoginPage     | Clicking Login button.
2026-08-12 16:34:52 | INFO  | p.LoginPage     | Login completed successfully.
2026-08-12 16:34:52 | INFO  | p.CommonActions | Waiting for element to be displayed: By.xpath: //*[normalize-space()='Dashboard']
2026-08-12 16:34:52 | INFO  | p.CommonActions | Clicking element: By.xpath: //*[normalize-space()='Content']
2026-08-12 16:34:52 | INFO  | p.CommonActions | Element clicked successfully: By.xpath: //*[normalize-space()='Content']
2026-08-12 16:34:53 | INFO  | p.CommonActions | Element displayed: By.xpath: //*[normalize-space()='Subjects'] | Result: true
2026-08-12 16:34:53 | INFO  | p.CommonActions | Waiting for element to be clickable: By.xpath: //button[normalize-space()='Add New Subject']
2026-08-12 16:34:53 | INFO  | p.CommonActions | Clicking element: By.xpath: //button[normalize-space()='Add New Subject']
2026-08-12 16:34:53 | INFO  | p.CommonActions | Element clicked successfully: By.xpath: //button[normalize-space()='Add New Subject']
2026-08-12 16:34:53 | INFO  | p.CommonActions | Submitting form for field validation.
2026-08-12 16:34:53 | INFO  | p.CommonActions | Clicking element: By.xpath: //div[contains(@class,'modal-actions')]//button[@type='button' and .//span[normalize-space()='Add Subject']]
2026-08-12 16:34:56 | INFO  | p.CommonActions | Element clicked successfully: By.xpath: //div[contains(@class,'modal-actions')]//button[@type='button' and .//span[normalize-space()='Add Subject']]
2026-08-12 16:34:56 | INFO  | p.CommonActions | Validating field error message. Expected: 'Subject name is required'
2026-08-12 16:34:56 | INFO  | p.CommonActions | Verify text | Expected: 'Subject name is required' | Actual: 'Subject name is required' | Result: true
2026-08-12 16:34:56 | INFO  | p.CommonActions | Field validation passed: 'Subject name is required'
2026-08-12 16:34:56 | INFO  | t.SubjectsTest  | TC_SUBJECT_005 PASSED
2026-08-12 16:34:59 | INFO  | t.SubjectsTest  | Page objects initialized successfully.
2026-08-12 16:34:59 | INFO  | t.SubjectsTest  | TEST CASE : TC_SUBJECT_001 - Verify Subjects Page is Displayed
2026-08-12 16:34:59 | INFO  | p.LoginPage     | Starting Login Process.
2026-08-12 16:34:59 | INFO  | p.LoginPage     | Entering Email.
2026-08-12 16:35:00 | INFO  | p.LoginPage     | Entering Password.
2026-08-12 16:35:00 | INFO  | p.LoginPage     | Clicking Login button.
2026-08-12 16:35:00 | INFO  | p.LoginPage     | Login completed successfully.
2026-08-12 16:35:00 | INFO  | p.CommonActions | Waiting for element to be displayed: By.xpath: //*[normalize-space()='Dashboard']
2026-08-12 16:35:01 | INFO  | p.CommonActions | Clicking element: By.xpath: //*[normalize-space()='Content']
2026-08-12 16:35:01 | INFO  | p.CommonActions | Element clicked successfully: By.xpath: //*[normalize-space()='Content']
2026-08-12 16:35:01 | INFO  | t.SubjectsTest  | VERIFY | Verifying Subjects page title is displayed
2026-08-12 16:35:01 | INFO  | p.CommonActions | Element displayed: By.xpath: //*[normalize-space()='Subjects'] | Result: true
2026-08-12 16:35:01 | INFO  | t.SubjectsTest  | VERIFY | Subjects page title displayed: true
2026-08-12 16:35:01 | INFO  | t.SubjectsTest  | ASSERT | Subjects page title verification passed
2026-08-12 16:35:01 | INFO  | t.SubjectsTest  | TC_SUBJECT_001 PASSED
2026-08-12 16:35:02 | INFO  | u.TestListener  | 
2026-08-12 16:35:02 | INFO  | u.TestListener  | ============================================================
2026-08-12 16:35:02 | INFO  | u.TestListener  | TEST EXECUTION SUMMARY
2026-08-12 16:35:02 | INFO  | u.TestListener  | ------------------------------------------------------------
2026-08-12 16:35:02 | INFO  | u.TestListener  | Suite       : MontreCY Automation Suite
2026-08-12 16:35:02 | INFO  | u.TestListener  | Total Tests : 5
2026-08-12 16:35:02 | INFO  | u.TestListener  | Passed      : 5
2026-08-12 16:35:02 | INFO  | u.TestListener  | Failed      : 0
2026-08-12 16:35:02 | INFO  | u.TestListener  | Skipped     : 0
2026-08-12 16:35:02 | INFO  | u.TestListener  | Pass Rate   : 100.00%
2026-08-12 16:35:02 | INFO  | u.TestListener  | Duration    : 30 sec
2026-08-12 16:35:02 | INFO  | u.TestListener  | ============================================================
2026-08-12 16:35:02 | INFO  | u.TestListener  | ============================================================
2026-08-12 16:35:02 | INFO  | u.TestListener  | TEST EXECUTION STARTED
2026-08-12 16:35:02 | INFO  | u.TestListener  | Suite : MontreCY Automation Suite
2026-08-12 16:35:02 | INFO  | u.TestListener  | ============================================================
2026-08-12 16:35:04 | INFO  | p.LoginPage     | Starting Login Process.
2026-08-12 16:35:04 | INFO  | p.LoginPage     | Entering Email.
2026-08-12 16:35:05 | INFO  | p.LoginPage     | Entering Password.
2026-08-12 16:35:05 | INFO  | p.LoginPage     | Clicking Login button.
2026-08-12 16:35:05 | INFO  | p.LoginPage     | Login completed successfully.
2026-08-12 16:35:05 | INFO  | p.CommonActions | Waiting for element to be displayed: By.xpath: //*[normalize-space()='Dashboard']
2026-08-12 16:35:06 | INFO  | p.CommonActions | Clicking element: By.xpath: //*[normalize-space()='Content']
2026-08-12 16:35:06 | INFO  | p.CommonActions | Element clicked successfully: By.xpath: //*[normalize-space()='Content']
2026-08-12 16:35:06 | INFO  | p.CommonActions | Element displayed: By.xpath: //*[normalize-space()='Subjects'] | Result: true
2026-08-12 16:35:26 | ERROR | p.CommonActions | Element not displayed: By.xpath: //h3[normalize-space()='Science']
2026-08-12 16:35:26 | INFO  | p.CommonActions | Clicking element: By.xpath: //button[normalize-space()='Add New Subject']
2026-08-12 16:35:27 | INFO  | p.CommonActions | Element clicked successfully: By.xpath: //button[normalize-space()='Add New Subject']
2026-08-12 16:35:27 | INFO  | p.CommonActions | Entering text 'Science' into: By.xpath: //input[@placeholder='Subject Name' or @name='subjectName' or @type='text']
2026-08-12 16:35:30 | INFO  | p.CommonActions | Uploading file: D:\MontreCY\com.montrecy.automation\src\main\resources\ScienceSubject.png
2026-08-12 16:35:36 | INFO  | p.CommonActions | File uploaded successfully: ScienceSubject.png
2026-08-12 16:35:39 | INFO  | p.CommonActions | Uploaded image verified successfully.
2026-08-12 16:35:45 | INFO  | p.CommonActions | Clicking element: By.xpath: //div[contains(@class,'modal-actions')]//button[@type='button' and .//span[normalize-space()='Add Subject']]
2026-08-12 16:35:45 | INFO  | p.CommonActions | Element clicked successfully: By.xpath: //div[contains(@class,'modal-actions')]//button[@type='button' and .//span[normalize-space()='Add Subject']]
2026-08-12 16:35:48 | INFO  | p.CommonActions | Verify text | Expected: 'A subject with this title already exists. Please choose a different title.' | Actual: 'Subject created successfully' | Result: false
2026-08-12 16:35:48 | INFO  | p.CommonActions | Verify text | Expected: 'Subject created successfully' | Actual: 'Subject created successfully' | Result: true
2026-08-12 16:35:48 | INFO  | p.CommonActions | Clicking element: By.xpath: //h3[normalize-space()='Science']
2026-08-12 16:35:48 | INFO  | p.CommonActions | Element clicked successfully: By.xpath: //h3[normalize-space()='Science']
2026-08-12 16:35:48 | INFO  | p.CommonActions | Clicking element: By.xpath: //span[contains(text(),'Add New Level')]
2026-08-12 16:35:49 | INFO  | p.CommonActions | Element clicked successfully: By.xpath: //span[contains(text(),'Add New Level')]
2026-08-12 16:35:49 | INFO  | p.CommonActions | Entering text '1' into: By.xpath: //input[@placeholder='Enter Level Number']
2026-08-12 16:35:49 | INFO  | p.CommonActions | Entering text 'FirstGrade' into: By.xpath: //input[@placeholder='e.g. Fifth Grade']
2026-08-12 16:35:50 | INFO  | p.CommonActions | Entering text 'English Basics' into: By.xpath: //textarea[@placeholder='Enter Description']
2026-08-12 16:35:53 | INFO  | p.CommonActions | Uploading file: D:\MontreCY\com.montrecy.automation\src\main\resources\ScienceSubject.png
2026-08-12 16:35:59 | INFO  | p.CommonActions | File uploaded successfully: ScienceSubject.png
2026-08-12 16:36:02 | INFO  | p.CommonActions | Uploaded image verified successfully.
2026-08-12 16:36:08 | INFO  | p.CommonActions | Clicking element: By.xpath: //div[@class='modal-actions']//span[normalize-space()='Add New Level']
2026-08-12 16:36:08 | INFO  | p.CommonActions | Element clicked successfully: By.xpath: //div[@class='modal-actions']//span[normalize-space()='Add New Level']
2026-08-12 16:36:31 | ERROR | p.CommonActions | Element not displayed: By.xpath: //*[normalize-space()='This level number already exists for the selected subject.']
2026-08-12 16:36:35 | INFO  | p.LoginPage     | Starting Login Process.
2026-08-12 16:36:35 | INFO  | p.LoginPage     | Entering Email.
2026-08-12 16:36:35 | INFO  | p.LoginPage     | Entering Password.
2026-08-12 16:36:36 | INFO  | p.LoginPage     | Clicking Login button.
2026-08-12 16:36:36 | INFO  | p.LoginPage     | Login completed successfully.
2026-08-12 16:36:36 | INFO  | p.CommonActions | Waiting for element to be displayed: By.xpath: //*[normalize-space()='Dashboard']
2026-08-12 16:36:36 | INFO  | p.CommonActions | Clicking element: By.xpath: //*[normalize-space()='Content']
2026-08-12 16:36:37 | INFO  | p.CommonActions | Element clicked successfully: By.xpath: //*[normalize-space()='Content']
2026-08-12 16:36:37 | INFO  | p.CommonActions | Element displayed: By.xpath: //*[normalize-space()='Subjects'] | Result: true
2026-08-12 16:36:37 | INFO  | p.CommonActions | Element displayed: By.xpath: //h3[normalize-space()='Science'] | Result: true
2026-08-12 16:36:37 | INFO  | p.CommonActions | Clicking element: By.xpath: //h3[normalize-space()='Science']
2026-08-12 16:36:37 | INFO  | p.CommonActions | Element clicked successfully: By.xpath: //h3[normalize-space()='Science']
2026-08-12 16:36:37 | INFO  | p.CommonActions | Clicking element: By.xpath: //div[normalize-space()='Edit Level Details']
2026-08-12 16:36:38 | INFO  | p.CommonActions | Element clicked successfully: By.xpath: //div[normalize-space()='Edit Level Details']
2026-08-12 16:36:38 | INFO  | p.CommonActions | Element displayed: By.xpath: //input[@placeholder='Enter Level Number'] | Result: true
2026-08-12 16:36:38 | INFO  | p.CommonActions | Element displayed: By.xpath: //input[@placeholder='e.g. Fifth Grade'] | Result: true
2026-08-12 16:36:38 | INFO  | p.CommonActions | Element displayed: By.xpath: //textarea[@placeholder='Enter Description'] | Result: true
2026-08-12 16:36:38 | INFO  | p.CommonActions | Entering text '2' into: By.xpath: //input[@placeholder='Enter Level Number']
2026-08-12 16:36:38 | INFO  | p.CommonActions | Entering text 'SecondGrade' into: By.xpath: //input[@placeholder='e.g. Fifth Grade']
2026-08-12 16:36:39 | INFO  | p.CommonActions | Entering text 'Updated English Basics' into: By.xpath: //textarea[@placeholder='Enter Description']
2026-08-12 16:36:42 | INFO  | p.CommonActions | Uploading file: D:\MontreCY\com.montrecy.automation\src\main\resources\MathsSubject.png
2026-08-12 16:36:48 | INFO  | p.CommonActions | File uploaded successfully: MathsSubject.png
2026-08-12 16:36:51 | INFO  | p.CommonActions | Uploaded image verified successfully.
2026-08-12 16:37:00 | INFO  | p.CommonActions | Clicking element: By.xpath: //span[normalize-space()='Update Level']
2026-08-12 16:37:00 | INFO  | p.CommonActions | Element clicked successfully: By.xpath: //span[normalize-space()='Update Level']
2026-08-12 16:37:00 | INFO  | p.CommonActions | Element displayed: By.xpath: //input[@placeholder='Enter Level Number'] | Result: true
2026-08-12 16:37:00 | INFO  | p.CommonActions | Element displayed: By.xpath: //input[@placeholder='e.g. Fifth Grade'] | Result: true
2026-08-12 16:37:00 | INFO  | p.CommonActions | Element displayed: By.xpath: //textarea[@placeholder='Enter Description'] | Result: true
2026-08-12 16:37:04 | INFO  | p.LoginPage     | Starting Login Process.
2026-08-12 16:37:04 | INFO  | p.LoginPage     | Entering Email.
2026-08-12 16:37:04 | INFO  | p.LoginPage     | Entering Password.
2026-08-12 16:37:04 | INFO  | p.LoginPage     | Clicking Login button.
2026-08-12 16:37:05 | INFO  | p.LoginPage     | Login completed successfully.
2026-08-12 16:37:05 | INFO  | p.CommonActions | Waiting for element to be displayed: By.xpath: //*[normalize-space()='Dashboard']
2026-08-12 16:37:06 | INFO  | p.CommonActions | Clicking element: By.xpath: //*[normalize-space()='Content']
2026-08-12 16:37:06 | INFO  | p.CommonActions | Element clicked successfully: By.xpath: //*[normalize-space()='Content']
2026-08-12 16:37:06 | INFO  | p.CommonActions | Element displayed: By.xpath: //*[normalize-space()='Subjects'] | Result: true
2026-08-12 16:37:07 | INFO  | p.CommonActions | Element displayed: By.xpath: //h3[normalize-space()='Science'] | Result: true
2026-08-12 16:37:07 | INFO  | p.CommonActions | Clicking element: By.xpath: //h3[normalize-space()='Science']
2026-08-12 16:37:07 | INFO  | p.CommonActions | Element clicked successfully: By.xpath: //h3[normalize-space()='Science']
2026-08-12 16:37:10 | INFO  | p.CommonActions | Clicking element: By.xpath: //span[normalize-space()='Inactive']
2026-08-12 16:37:10 | INFO  | p.CommonActions | Element clicked successfully: By.xpath: //span[normalize-space()='Inactive']
2026-08-12 16:37:13 | INFO  | p.CommonActions | Verify text | Expected: 'Level status changed to Inactive' | Actual: 'Success
Level status changed to Inactive' | Result: true
2026-08-12 16:37:16 | INFO  | p.CommonActions | Clicking element: By.xpath: //span[normalize-space()='Active']
2026-08-12 16:37:16 | INFO  | p.CommonActions | Element clicked successfully: By.xpath: //span[normalize-space()='Active']
2026-08-12 16:37:19 | INFO  | p.CommonActions | Verify text | Expected: 'Level status changed to Active' | Actual: 'Success
Level status changed to Active' | Result: true
2026-08-12 16:37:20 | INFO  | u.TestListener  | 
2026-08-12 16:37:20 | INFO  | u.TestListener  | ============================================================
2026-08-12 16:37:20 | INFO  | u.TestListener  | TEST EXECUTION SUMMARY
2026-08-12 16:37:20 | INFO  | u.TestListener  | ------------------------------------------------------------
2026-08-12 16:37:20 | INFO  | u.TestListener  | Suite       : MontreCY Automation Suite
2026-08-12 16:37:20 | INFO  | u.TestListener  | Total Tests : 3
2026-08-12 16:37:20 | INFO  | u.TestListener  | Passed      : 3
2026-08-12 16:37:20 | INFO  | u.TestListener  | Failed      : 0
2026-08-12 16:37:20 | INFO  | u.TestListener  | Skipped     : 0
2026-08-12 16:37:20 | INFO  | u.TestListener  | Pass Rate   : 100.00%
2026-08-12 16:37:20 | INFO  | u.TestListener  | Duration    : 138 sec
2026-08-12 16:37:20 | INFO  | u.TestListener  | ============================================================
2026-08-12 16:55:46 | INFO  | u.TestListener  | ============================================================
2026-08-12 16:55:46 | INFO  | u.TestListener  | TEST EXECUTION STARTED
2026-08-12 16:55:46 | INFO  | u.TestListener  | Suite : MontreCY Automation Suite
2026-08-12 16:55:46 | INFO  | u.TestListener  | ============================================================
2026-08-12 16:55:50 | INFO  | test.LoginTest  | ============================================================
2026-08-12 16:55:50 | INFO  | test.LoginTest  | TEST CASE : TC_001 - Verify Admin Login and Dashboard Title
2026-08-12 16:55:50 | INFO  | test.LoginTest  | ============================================================
2026-08-12 16:55:50 | INFO  | test.LoginTest  | STEP 1 : Login to MontreCY Admin Portal
2026-08-12 16:55:50 | INFO  | p.LoginPage     | Starting Login Process.
2026-08-12 16:55:50 | INFO  | p.LoginPage     | Entering Email.
2026-08-12 16:55:50 | INFO  | p.LoginPage     | Entering Password.
2026-08-12 16:55:50 | INFO  | p.LoginPage     | Clicking Login button.
2026-08-12 16:55:50 | INFO  | p.LoginPage     | Login completed successfully.
2026-08-12 16:55:50 | INFO  | test.LoginTest  | STEP 2 : Validate Dashboard page
2026-08-12 16:55:50 | INFO  | p.DashboardPage | Verifying Dashboard page.
2026-08-12 16:55:52 | INFO  | test.LoginTest  | STEP 3 : Validate Dashboard title
2026-08-12 16:55:52 | INFO  | p.DashboardPage | Getting Dashboard title.
2026-08-12 16:55:52 | INFO  | test.LoginTest  | TEST RESULT : PASSED
2026-08-12 16:55:52 | INFO  | test.LoginTest  | ============================================================
2026-08-12 16:55:55 | INFO  | test.LoginTest  | ============================================================
2026-08-12 16:55:55 | INFO  | test.LoginTest  | TEST CASE : TC_002 - Verify Admin Logout
2026-08-12 16:55:55 | INFO  | test.LoginTest  | ============================================================
2026-08-12 16:55:55 | INFO  | test.LoginTest  | STEP 1 : Login to MontreCY Admin Portal
2026-08-12 16:55:55 | INFO  | p.LoginPage     | Starting Login Process.
2026-08-12 16:55:55 | INFO  | p.LoginPage     | Entering Email.
2026-08-12 16:55:55 | INFO  | p.LoginPage     | Entering Password.
2026-08-12 16:55:55 | INFO  | p.LoginPage     | Clicking Login button.
2026-08-12 16:55:55 | INFO  | p.LoginPage     | Login completed successfully.
2026-08-12 16:55:55 | INFO  | test.LoginTest  | STEP 2 : Logout from MontreCY Admin Portal
2026-08-12 16:55:55 | INFO  | p.DashboardPage | Starting Logout process.
2026-08-12 16:55:56 | INFO  | p.DashboardPage | Clicked User Avatar.
2026-08-12 16:55:56 | INFO  | p.DashboardPage | Logout completed successfully.
2026-08-12 16:55:56 | INFO  | test.LoginTest  | STEP 3 : Validate Login page
2026-08-12 16:55:56 | INFO  | p.LoginPage     | Verifying Login page.
2026-08-12 16:55:56 | INFO  | test.LoginTest  | TEST RESULT : PASSED
2026-08-12 16:55:56 | INFO  | test.LoginTest  | ============================================================
2026-08-12 16:55:57 | INFO  | u.TestListener  | 
2026-08-12 16:55:57 | INFO  | u.TestListener  | ============================================================
2026-08-12 16:55:57 | INFO  | u.TestListener  | TEST EXECUTION SUMMARY
2026-08-12 16:55:57 | INFO  | u.TestListener  | ------------------------------------------------------------
2026-08-12 16:55:57 | INFO  | u.TestListener  | Suite       : MontreCY Automation Suite
2026-08-12 16:55:57 | INFO  | u.TestListener  | Total Tests : 2
2026-08-12 16:55:57 | INFO  | u.TestListener  | Passed      : 2
2026-08-12 16:55:57 | INFO  | u.TestListener  | Failed      : 0
2026-08-12 16:55:57 | INFO  | u.TestListener  | Skipped     : 0
2026-08-12 16:55:57 | INFO  | u.TestListener  | Pass Rate   : 100.00%
2026-08-12 16:55:57 | INFO  | u.TestListener  | Duration    : 11 sec
2026-08-12 16:55:57 | INFO  | u.TestListener  | ============================================================
2026-08-12 16:55:57 | INFO  | u.TestListener  | ============================================================
2026-08-12 16:55:57 | INFO  | u.TestListener  | TEST EXECUTION STARTED
2026-08-12 16:55:57 | INFO  | u.TestListener  | Suite : MontreCY Automation Suite
2026-08-12 16:55:57 | INFO  | u.TestListener  | ============================================================
2026-08-12 16:55:59 | INFO  | t.DashboardTest | ============================================================
2026-08-12 16:55:59 | INFO  | t.DashboardTest | TEST CASE : TC_003 - Verify Platform Pulse KPI Cards
2026-08-12 16:55:59 | INFO  | t.DashboardTest | ============================================================
2026-08-12 16:55:59 | INFO  | t.DashboardTest | STEP 1 : Login to MontreCY Admin Portal
2026-08-12 16:55:59 | INFO  | p.LoginPage     | Starting Login Process.
2026-08-12 16:55:59 | INFO  | p.LoginPage     | Entering Email.
2026-08-12 16:56:00 | INFO  | p.LoginPage     | Entering Password.
2026-08-12 16:56:00 | INFO  | p.LoginPage     | Clicking Login button.
2026-08-12 16:56:00 | INFO  | p.LoginPage     | Login completed successfully.
2026-08-12 16:56:00 | INFO  | t.DashboardTest | STEP 2 : Validate Dashboard page
2026-08-12 16:56:00 | INFO  | p.DashboardPage | Verifying Dashboard page.
2026-08-12 16:56:01 | INFO  | t.DashboardTest | STEP 3 : Validate Platform Pulse KPI Cards
2026-08-12 16:56:01 | INFO  | p.DashboardPage | Verifying Total Users card.
2026-08-12 16:56:01 | INFO  | p.DashboardPage | Verifying New Subscriptions card.
2026-08-12 16:56:01 | INFO  | p.DashboardPage | Verifying Revenue card.
2026-08-12 16:56:01 | INFO  | p.DashboardPage | Verifying Churn Rate card.
2026-08-12 16:56:01 | INFO  | p.DashboardPage | Verifying DAU card.
2026-08-12 16:56:01 | INFO  | t.DashboardTest | TEST RESULT : PASSED
2026-08-12 16:56:01 | INFO  | t.DashboardTest | ============================================================
2026-08-12 16:56:02 | INFO  | u.TestListener  | 
2026-08-12 16:56:02 | INFO  | u.TestListener  | ============================================================
2026-08-12 16:56:02 | INFO  | u.TestListener  | TEST EXECUTION SUMMARY
2026-08-12 16:56:02 | INFO  | u.TestListener  | ------------------------------------------------------------
2026-08-12 16:56:02 | INFO  | u.TestListener  | Suite       : MontreCY Automation Suite
2026-08-12 16:56:02 | INFO  | u.TestListener  | Total Tests : 1
2026-08-12 16:56:02 | INFO  | u.TestListener  | Passed      : 1
2026-08-12 16:56:02 | INFO  | u.TestListener  | Failed      : 0
2026-08-12 16:56:02 | INFO  | u.TestListener  | Skipped     : 0
2026-08-12 16:56:02 | INFO  | u.TestListener  | Pass Rate   : 100.00%
2026-08-12 16:56:02 | INFO  | u.TestListener  | Duration    : 4 sec
2026-08-12 16:56:02 | INFO  | u.TestListener  | ============================================================
2026-08-12 16:56:02 | INFO  | u.TestListener  | ============================================================
2026-08-12 16:56:02 | INFO  | u.TestListener  | TEST EXECUTION STARTED
2026-08-12 16:56:02 | INFO  | u.TestListener  | Suite : MontreCY Automation Suite
2026-08-12 16:56:02 | INFO  | u.TestListener  | ============================================================
2026-08-12 16:56:04 | INFO  | t.SubjectsTest  | Page objects initialized successfully.
2026-08-12 16:56:04 | INFO  | t.SubjectsTest  | TEST CASE : TC_SUBJECT_002 - Verify Add New Subject Button is Displayed
2026-08-12 16:56:04 | INFO  | p.LoginPage     | Starting Login Process.
2026-08-12 16:56:04 | INFO  | p.LoginPage     | Entering Email.
2026-08-12 16:56:05 | INFO  | p.LoginPage     | Entering Password.
2026-08-12 16:56:05 | INFO  | p.LoginPage     | Clicking Login button.
2026-08-12 16:56:05 | INFO  | p.LoginPage     | Login completed successfully.
2026-08-12 16:56:05 | INFO  | p.CommonActions | Waiting for element to be displayed: By.xpath: //*[normalize-space()='Dashboard']
2026-08-12 16:56:05 | INFO  | p.CommonActions | Clicking element: By.xpath: //*[normalize-space()='Content']
2026-08-12 16:56:06 | INFO  | p.CommonActions | Element clicked successfully: By.xpath: //*[normalize-space()='Content']
2026-08-12 16:56:06 | INFO  | p.CommonActions | Element displayed: By.xpath: //button[normalize-space()='Add New Subject'] | Result: true
2026-08-12 16:56:06 | INFO  | t.SubjectsTest  | TC_SUBJECT_002 PASSED
2026-08-12 16:56:08 | INFO  | t.SubjectsTest  | Page objects initialized successfully.
2026-08-12 16:56:08 | INFO  | t.SubjectsTest  | TEST CASE : TC_SUBJECT_003 - Verify Add New Subject Form is Displayed
2026-08-12 16:56:08 | INFO  | p.LoginPage     | Starting Login Process.
2026-08-12 16:56:08 | INFO  | p.LoginPage     | Entering Email.
2026-08-12 16:56:08 | INFO  | p.LoginPage     | Entering Password.
2026-08-12 16:56:08 | INFO  | p.LoginPage     | Clicking Login button.
2026-08-12 16:56:09 | INFO  | p.LoginPage     | Login completed successfully.
2026-08-12 16:56:09 | INFO  | p.CommonActions | Waiting for element to be displayed: By.xpath: //*[normalize-space()='Dashboard']
2026-08-12 16:56:09 | INFO  | p.CommonActions | Clicking element: By.xpath: //*[normalize-space()='Content']
2026-08-12 16:56:09 | INFO  | p.CommonActions | Element clicked successfully: By.xpath: //*[normalize-space()='Content']
2026-08-12 16:56:10 | INFO  | p.CommonActions | Element displayed: By.xpath: //*[normalize-space()='Subjects'] | Result: true
2026-08-12 16:56:10 | INFO  | p.CommonActions | Waiting for element to be clickable: By.xpath: //button[normalize-space()='Add New Subject']
2026-08-12 16:56:10 | INFO  | p.CommonActions | Clicking element: By.xpath: //button[normalize-space()='Add New Subject']
2026-08-12 16:56:10 | INFO  | p.CommonActions | Element clicked successfully: By.xpath: //button[normalize-space()='Add New Subject']
2026-08-12 16:56:12 | INFO  | p.CommonActions | Element displayed: By.xpath: //h2[normalize-space()='Add New Subject'] | Result: true
2026-08-12 16:56:12 | INFO  | t.SubjectsTest  | TC_SUBJECT_003 PASSED
2026-08-12 16:56:15 | INFO  | t.SubjectsTest  | Page objects initialized successfully.
2026-08-12 16:56:15 | INFO  | t.SubjectsTest  | TEST CASE : TC_SUBJECT_011 - Verify Edit Subject Screen and Actions
2026-08-12 16:56:15 | INFO  | p.LoginPage     | Starting Login Process.
2026-08-12 16:56:15 | INFO  | p.LoginPage     | Entering Email.
2026-08-12 16:56:15 | INFO  | p.LoginPage     | Entering Password.
2026-08-12 16:56:15 | INFO  | p.LoginPage     | Clicking Login button.
2026-08-12 16:56:15 | INFO  | p.LoginPage     | Login completed successfully.
2026-08-12 16:56:15 | INFO  | p.CommonActions | Waiting for element to be displayed: By.xpath: //*[normalize-space()='Dashboard']
2026-08-12 16:56:16 | INFO  | p.CommonActions | Clicking element: By.xpath: //*[normalize-space()='Content']
2026-08-12 16:56:16 | INFO  | p.CommonActions | Element clicked successfully: By.xpath: //*[normalize-space()='Content']
2026-08-12 16:56:16 | INFO  | p.CommonActions | Element displayed: By.xpath: //*[normalize-space()='Subjects'] | Result: true
2026-08-12 16:56:16 | INFO  | p.CommonActions | Waiting for element to be clickable: By.xpath: //div[@class='subjects-container']//div[1]//div[1]//div[1]//button[1]//span[2]
2026-08-12 16:56:16 | INFO  | p.CommonActions | Clicking element: By.xpath: //div[@class='subjects-container']//div[1]//div[1]//div[1]//button[1]//span[2]
2026-08-12 16:56:16 | INFO  | p.CommonActions | Element clicked successfully: By.xpath: //div[@class='subjects-container']//div[1]//div[1]//div[1]//button[1]//span[2]
2026-08-12 16:56:16 | INFO  | p.CommonActions | Element displayed: By.xpath: //h2[normalize-space()='Edit Subject'] | Result: true
2026-08-12 16:56:16 | INFO  | p.CommonActions | Element displayed: By.xpath: //span[normalize-space()='Cancel'] | Result: true
2026-08-12 16:56:16 | INFO  | p.CommonActions | Element displayed: By.xpath: //span[normalize-space()='Update Subject'] | Result: true
2026-08-12 16:56:16 | INFO  | t.SubjectsTest  | TC_SUBJECT_011 PASSED
2026-08-12 16:56:19 | INFO  | t.SubjectsTest  | Page objects initialized successfully.
2026-08-12 16:56:19 | INFO  | t.SubjectsTest  | TEST CASE : TC_SUBJECT_005 - Verify Subject Name Mandatory Validation
2026-08-12 16:56:19 | INFO  | p.LoginPage     | Starting Login Process.
2026-08-12 16:56:19 | INFO  | p.LoginPage     | Entering Email.
2026-08-12 16:56:20 | INFO  | p.LoginPage     | Entering Password.
2026-08-12 16:56:20 | INFO  | p.LoginPage     | Clicking Login button.
2026-08-12 16:56:20 | INFO  | p.LoginPage     | Login completed successfully.
2026-08-12 16:56:20 | INFO  | p.CommonActions | Waiting for element to be displayed: By.xpath: //*[normalize-space()='Dashboard']
2026-08-12 16:56:20 | INFO  | p.CommonActions | Clicking element: By.xpath: //*[normalize-space()='Content']
2026-08-12 16:56:20 | INFO  | p.CommonActions | Element clicked successfully: By.xpath: //*[normalize-space()='Content']
2026-08-12 16:56:21 | INFO  | p.CommonActions | Element displayed: By.xpath: //*[normalize-space()='Subjects'] | Result: true
2026-08-12 16:56:21 | INFO  | p.CommonActions | Waiting for element to be clickable: By.xpath: //button[normalize-space()='Add New Subject']
2026-08-12 16:56:21 | INFO  | p.CommonActions | Clicking element: By.xpath: //button[normalize-space()='Add New Subject']
2026-08-12 16:56:21 | INFO  | p.CommonActions | Element clicked successfully: By.xpath: //button[normalize-space()='Add New Subject']
2026-08-12 16:56:21 | INFO  | p.CommonActions | Submitting form for field validation.
2026-08-12 16:56:21 | INFO  | p.CommonActions | Clicking element: By.xpath: //div[contains(@class,'modal-actions')]//button[@type='button' and .//span[normalize-space()='Add Subject']]
2026-08-12 16:56:22 | INFO  | p.CommonActions | Element clicked successfully: By.xpath: //div[contains(@class,'modal-actions')]//button[@type='button' and .//span[normalize-space()='Add Subject']]
2026-08-12 16:56:22 | INFO  | p.CommonActions | Validating field error message. Expected: 'Subject name is required'
2026-08-12 16:56:22 | INFO  | p.CommonActions | Verify text | Expected: 'Subject name is required' | Actual: 'Subject name is required' | Result: true
2026-08-12 16:56:22 | INFO  | p.CommonActions | Field validation passed: 'Subject name is required'
2026-08-12 16:56:22 | INFO  | t.SubjectsTest  | TC_SUBJECT_005 PASSED
2026-08-12 16:56:24 | INFO  | t.SubjectsTest  | Page objects initialized successfully.
2026-08-12 16:56:24 | INFO  | t.SubjectsTest  | TEST CASE : TC_SUBJECT_001 - Verify Subjects Page is Displayed
2026-08-12 16:56:24 | INFO  | p.LoginPage     | Starting Login Process.
2026-08-12 16:56:24 | INFO  | p.LoginPage     | Entering Email.
2026-08-12 16:56:24 | INFO  | p.LoginPage     | Entering Password.
2026-08-12 16:56:25 | INFO  | p.LoginPage     | Clicking Login button.
2026-08-12 16:56:25 | INFO  | p.LoginPage     | Login completed successfully.
2026-08-12 16:56:25 | INFO  | p.CommonActions | Waiting for element to be displayed: By.xpath: //*[normalize-space()='Dashboard']
2026-08-12 16:56:25 | INFO  | p.CommonActions | Clicking element: By.xpath: //*[normalize-space()='Content']
2026-08-12 16:56:25 | INFO  | p.CommonActions | Element clicked successfully: By.xpath: //*[normalize-space()='Content']
2026-08-12 16:56:25 | INFO  | t.SubjectsTest  | VERIFY | Verifying Subjects page title is displayed
2026-08-12 16:56:26 | INFO  | p.CommonActions | Element displayed: By.xpath: //*[normalize-space()='Subjects'] | Result: true
2026-08-12 16:56:26 | INFO  | t.SubjectsTest  | VERIFY | Subjects page title displayed: true
2026-08-12 16:56:26 | INFO  | t.SubjectsTest  | ASSERT | Subjects page title verification passed
2026-08-12 16:56:26 | INFO  | t.SubjectsTest  | TC_SUBJECT_001 PASSED
2026-08-12 16:56:26 | INFO  | u.TestListener  | 
2026-08-12 16:56:26 | INFO  | u.TestListener  | ============================================================
2026-08-12 16:56:26 | INFO  | u.TestListener  | TEST EXECUTION SUMMARY
2026-08-12 16:56:26 | INFO  | u.TestListener  | ------------------------------------------------------------
2026-08-12 16:56:26 | INFO  | u.TestListener  | Suite       : MontreCY Automation Suite
2026-08-12 16:56:26 | INFO  | u.TestListener  | Total Tests : 5
2026-08-12 16:56:26 | INFO  | u.TestListener  | Passed      : 5
2026-08-12 16:56:26 | INFO  | u.TestListener  | Failed      : 0
2026-08-12 16:56:26 | INFO  | u.TestListener  | Skipped     : 0
2026-08-12 16:56:26 | INFO  | u.TestListener  | Pass Rate   : 100.00%
2026-08-12 16:56:26 | INFO  | u.TestListener  | Duration    : 24 sec
2026-08-12 16:56:26 | INFO  | u.TestListener  | ============================================================
2026-08-12 16:56:26 | INFO  | u.TestListener  | ============================================================
2026-08-12 16:56:26 | INFO  | u.TestListener  | TEST EXECUTION STARTED
2026-08-12 16:56:26 | INFO  | u.TestListener  | Suite : MontreCY Automation Suite
2026-08-12 16:56:26 | INFO  | u.TestListener  | ============================================================
2026-08-12 16:56:28 | INFO  | p.LoginPage     | Starting Login Process.
2026-08-12 16:56:28 | INFO  | p.LoginPage     | Entering Email.
2026-08-12 16:56:29 | INFO  | p.LoginPage     | Entering Password.
2026-08-12 16:56:29 | INFO  | p.LoginPage     | Clicking Login button.
2026-08-12 16:56:29 | INFO  | p.LoginPage     | Login completed successfully.
2026-08-12 16:56:29 | INFO  | p.CommonActions | Waiting for element to be displayed: By.xpath: //*[normalize-space()='Dashboard']
2026-08-12 16:56:29 | INFO  | p.CommonActions | Clicking element: By.xpath: //*[normalize-space()='Content']
2026-08-12 16:56:29 | INFO  | p.CommonActions | Element clicked successfully: By.xpath: //*[normalize-space()='Content']
2026-08-12 16:56:30 | INFO  | p.CommonActions | Element displayed: By.xpath: //*[normalize-space()='Subjects'] | Result: true
2026-08-12 16:56:50 | ERROR | p.CommonActions | Element not displayed: By.xpath: //h3[normalize-space()='Science']
2026-08-12 16:56:50 | INFO  | p.CommonActions | Clicking element: By.xpath: //button[normalize-space()='Add New Subject']
2026-08-12 16:56:50 | INFO  | p.CommonActions | Element clicked successfully: By.xpath: //button[normalize-space()='Add New Subject']
2026-08-12 16:56:50 | INFO  | p.CommonActions | Entering text 'Science' into: By.xpath: //input[@placeholder='Subject Name' or @name='subjectName' or @type='text']
2026-08-12 16:56:53 | INFO  | p.CommonActions | Uploading file: D:\MontreCY\com.montrecy.automation\src\main\resources\ScienceSubject.png
2026-08-12 16:56:59 | INFO  | p.CommonActions | File uploaded successfully: ScienceSubject.png
2026-08-12 16:57:02 | INFO  | p.CommonActions | Uploaded image verified successfully.
2026-08-12 16:57:08 | INFO  | p.CommonActions | Clicking element: By.xpath: //div[contains(@class,'modal-actions')]//button[@type='button' and .//span[normalize-space()='Add Subject']]
2026-08-12 16:57:08 | INFO  | p.CommonActions | Element clicked successfully: By.xpath: //div[contains(@class,'modal-actions')]//button[@type='button' and .//span[normalize-space()='Add Subject']]
2026-08-12 16:57:31 | ERROR | p.CommonActions | Text not found | Locator: By.xpath: //div[@class='toast-message'] | Expected: A subject with this title already exists. Please choose a different title.
2026-08-12 16:57:39 | INFO  | p.CommonActions | Verify text | Expected: 'Subject created successfully' | Actual: 'Failed to create subject' | Result: false
2026-08-12 16:58:44 | INFO  | u.TestListener  | 
2026-08-12 16:58:44 | INFO  | u.TestListener  | ============================================================
2026-08-12 16:58:44 | INFO  | u.TestListener  | TEST EXECUTION SUMMARY
2026-08-12 16:58:44 | INFO  | u.TestListener  | ------------------------------------------------------------
2026-08-12 16:58:44 | INFO  | u.TestListener  | Suite       : MontreCY Automation Suite
2026-08-12 16:58:44 | INFO  | u.TestListener  | Total Tests : 3
2026-08-12 16:58:44 | INFO  | u.TestListener  | Passed      : 0
2026-08-12 16:58:44 | INFO  | u.TestListener  | Failed      : 1
2026-08-12 16:58:44 | INFO  | u.TestListener  | Skipped     : 2
2026-08-12 16:58:44 | INFO  | u.TestListener  | Pass Rate   : 0.00%
2026-08-12 16:58:44 | INFO  | u.TestListener  | Duration    : 137 sec
2026-08-12 16:58:44 | INFO  | u.TestListener  | ============================================================
2026-08-12 17:24:02 | INFO  | u.TestListener  | ============================================================
2026-08-12 17:24:02 | INFO  | u.TestListener  | TEST EXECUTION STARTED
2026-08-12 17:24:02 | INFO  | u.TestListener  | Suite : Default Suite
2026-08-12 17:24:02 | INFO  | u.TestListener  | ============================================================
2026-08-12 17:24:06 | INFO  | t.SubjectsTest  | Page objects initialized successfully.
2026-08-12 17:24:06 | INFO  | t.SubjectsTest  | TEST CASE : TC_SUBJECT_002 - Verify Add New Subject Button is Displayed
2026-08-12 17:24:06 | INFO  | p.LoginPage     | Starting Login Process.
2026-08-12 17:24:06 | INFO  | p.LoginPage     | Entering Email.
2026-08-12 17:24:06 | INFO  | p.LoginPage     | Entering Password.
2026-08-12 17:24:06 | INFO  | p.LoginPage     | Clicking Login button.
2026-08-12 17:24:06 | INFO  | p.LoginPage     | Login completed successfully.
2026-08-12 17:24:06 | INFO  | p.CommonActions | Waiting for element to be displayed: By.xpath: //*[normalize-space()='Dashboard']
2026-08-12 17:24:07 | INFO  | p.CommonActions | Clicking element: By.xpath: //*[normalize-space()='Content']
2026-08-12 17:24:07 | INFO  | p.CommonActions | Element clicked successfully: By.xpath: //*[normalize-space()='Content']
2026-08-12 17:24:07 | INFO  | p.CommonActions | Element displayed: By.xpath: //button[normalize-space()='Add New Subject'] | Result: true
2026-08-12 17:24:07 | INFO  | t.SubjectsTest  | TC_SUBJECT_002 PASSED
2026-08-12 17:24:09 | INFO  | t.SubjectsTest  | Page objects initialized successfully.
2026-08-12 17:24:09 | INFO  | t.SubjectsTest  | TEST CASE : TC_SUBJECT_003 - Verify Add New Subject Form is Displayed
2026-08-12 17:24:09 | INFO  | p.LoginPage     | Starting Login Process.
2026-08-12 17:24:09 | INFO  | p.LoginPage     | Entering Email.
2026-08-12 17:24:09 | INFO  | p.LoginPage     | Entering Password.
2026-08-12 17:24:09 | INFO  | p.LoginPage     | Clicking Login button.
2026-08-12 17:24:09 | INFO  | p.LoginPage     | Login completed successfully.
2026-08-12 17:24:09 | INFO  | p.CommonActions | Waiting for element to be displayed: By.xpath: //*[normalize-space()='Dashboard']
2026-08-12 17:24:11 | INFO  | p.CommonActions | Clicking element: By.xpath: //*[normalize-space()='Content']
2026-08-12 17:24:11 | INFO  | p.CommonActions | Element clicked successfully: By.xpath: //*[normalize-space()='Content']
2026-08-12 17:24:11 | INFO  | p.CommonActions | Element displayed: By.xpath: //*[normalize-space()='Subjects'] | Result: true
2026-08-12 17:24:11 | INFO  | p.CommonActions | Waiting for element to be clickable: By.xpath: //button[normalize-space()='Add New Subject']
2026-08-12 17:24:11 | INFO  | p.CommonActions | Clicking element: By.xpath: //button[normalize-space()='Add New Subject']
2026-08-12 17:24:11 | INFO  | p.CommonActions | Element clicked successfully: By.xpath: //button[normalize-space()='Add New Subject']
2026-08-12 17:24:12 | INFO  | p.CommonActions | Element displayed: By.xpath: //h2[normalize-space()='Add New Subject'] | Result: true
2026-08-12 17:24:12 | INFO  | t.SubjectsTest  | TC_SUBJECT_003 PASSED
2026-08-12 17:24:14 | INFO  | t.SubjectsTest  | Page objects initialized successfully.
2026-08-12 17:24:14 | INFO  | t.SubjectsTest  | TEST CASE : TC_SUBJECT_011 - Verify Edit Subject Screen and Actions
2026-08-12 17:24:14 | INFO  | p.LoginPage     | Starting Login Process.
2026-08-12 17:24:14 | INFO  | p.LoginPage     | Entering Email.
2026-08-12 17:24:14 | INFO  | p.LoginPage     | Entering Password.
2026-08-12 17:24:14 | INFO  | p.LoginPage     | Clicking Login button.
2026-08-12 17:24:14 | INFO  | p.LoginPage     | Login completed successfully.
2026-08-12 17:24:14 | INFO  | p.CommonActions | Waiting for element to be displayed: By.xpath: //*[normalize-space()='Dashboard']
2026-08-12 17:24:15 | INFO  | p.CommonActions | Clicking element: By.xpath: //*[normalize-space()='Content']
2026-08-12 17:24:15 | INFO  | p.CommonActions | Element clicked successfully: By.xpath: //*[normalize-space()='Content']
2026-08-12 17:24:15 | INFO  | p.CommonActions | Element displayed: By.xpath: //*[normalize-space()='Subjects'] | Result: true
2026-08-12 17:24:15 | INFO  | p.CommonActions | Waiting for element to be clickable: By.xpath: //div[@class='subjects-container']//div[1]//div[1]//div[1]//button[1]//span[2]
2026-08-12 17:24:15 | INFO  | p.CommonActions | Clicking element: By.xpath: //div[@class='subjects-container']//div[1]//div[1]//div[1]//button[1]//span[2]
2026-08-12 17:24:15 | INFO  | p.CommonActions | Element clicked successfully: By.xpath: //div[@class='subjects-container']//div[1]//div[1]//div[1]//button[1]//span[2]
2026-08-12 17:24:15 | INFO  | p.CommonActions | Element displayed: By.xpath: //h2[normalize-space()='Edit Subject'] | Result: true
2026-08-12 17:24:15 | INFO  | p.CommonActions | Element displayed: By.xpath: //span[normalize-space()='Cancel'] | Result: true
2026-08-12 17:24:15 | INFO  | p.CommonActions | Element displayed: By.xpath: //span[normalize-space()='Update Subject'] | Result: true
2026-08-12 17:24:15 | INFO  | t.SubjectsTest  | TC_SUBJECT_011 PASSED
2026-08-12 17:24:18 | INFO  | t.SubjectsTest  | Page objects initialized successfully.
2026-08-12 17:24:18 | INFO  | t.SubjectsTest  | TEST CASE : TC_SUBJECT_005 - Verify Subject Name Mandatory Validation
2026-08-12 17:24:18 | INFO  | p.LoginPage     | Starting Login Process.
2026-08-12 17:24:18 | INFO  | p.LoginPage     | Entering Email.
2026-08-12 17:24:18 | INFO  | p.LoginPage     | Entering Password.
2026-08-12 17:24:18 | INFO  | p.LoginPage     | Clicking Login button.
2026-08-12 17:24:18 | INFO  | p.LoginPage     | Login completed successfully.
2026-08-12 17:24:18 | INFO  | p.CommonActions | Waiting for element to be displayed: By.xpath: //*[normalize-space()='Dashboard']
2026-08-12 17:24:18 | INFO  | p.CommonActions | Clicking element: By.xpath: //*[normalize-space()='Content']
2026-08-12 17:24:18 | INFO  | p.CommonActions | Element clicked successfully: By.xpath: //*[normalize-space()='Content']
2026-08-12 17:24:19 | INFO  | p.CommonActions | Element displayed: By.xpath: //*[normalize-space()='Subjects'] | Result: true
2026-08-12 17:24:19 | INFO  | p.CommonActions | Waiting for element to be clickable: By.xpath: //button[normalize-space()='Add New Subject']
2026-08-12 17:24:19 | INFO  | p.CommonActions | Clicking element: By.xpath: //button[normalize-space()='Add New Subject']
2026-08-12 17:24:19 | INFO  | p.CommonActions | Element clicked successfully: By.xpath: //button[normalize-space()='Add New Subject']
2026-08-12 17:24:19 | INFO  | p.CommonActions | Submitting form for field validation.
2026-08-12 17:24:19 | INFO  | p.CommonActions | Clicking element: By.xpath: //div[contains(@class,'modal-actions')]//button[@type='button' and .//span[normalize-space()='Add Subject']]
2026-08-12 17:24:19 | INFO  | p.CommonActions | Element clicked successfully: By.xpath: //div[contains(@class,'modal-actions')]//button[@type='button' and .//span[normalize-space()='Add Subject']]
2026-08-12 17:24:19 | INFO  | p.CommonActions | Validating field error message. Expected: 'Subject name is required'
2026-08-12 17:24:19 | INFO  | p.CommonActions | Verify text | Expected: 'Subject name is required' | Actual: 'Subject name is required' | Result: true
2026-08-12 17:24:19 | INFO  | p.CommonActions | Field validation passed: 'Subject name is required'
2026-08-12 17:24:19 | INFO  | t.SubjectsTest  | TC_SUBJECT_005 PASSED
2026-08-12 17:24:21 | INFO  | t.SubjectsTest  | Page objects initialized successfully.
2026-08-12 17:24:21 | INFO  | t.SubjectsTest  | TEST CASE : TC_SUBJECT_001 - Verify Subjects Page is Displayed
2026-08-12 17:24:21 | INFO  | p.LoginPage     | Starting Login Process.
2026-08-12 17:24:21 | INFO  | p.LoginPage     | Entering Email.
2026-08-12 17:24:21 | INFO  | p.LoginPage     | Entering Password.
2026-08-12 17:24:21 | INFO  | p.LoginPage     | Clicking Login button.
2026-08-12 17:24:22 | INFO  | p.LoginPage     | Login completed successfully.
2026-08-12 17:24:22 | INFO  | p.CommonActions | Waiting for element to be displayed: By.xpath: //*[normalize-space()='Dashboard']
2026-08-12 17:24:22 | INFO  | p.CommonActions | Clicking element: By.xpath: //*[normalize-space()='Content']
2026-08-12 17:24:22 | INFO  | p.CommonActions | Element clicked successfully: By.xpath: //*[normalize-space()='Content']
2026-08-12 17:24:22 | INFO  | t.SubjectsTest  | VERIFY | Verifying Subjects page title is displayed
2026-08-12 17:24:22 | INFO  | p.CommonActions | Element displayed: By.xpath: //*[normalize-space()='Subjects'] | Result: true
2026-08-12 17:24:22 | INFO  | t.SubjectsTest  | VERIFY | Subjects page title displayed: true
2026-08-12 17:24:22 | INFO  | t.SubjectsTest  | ASSERT | Subjects page title verification passed
2026-08-12 17:24:22 | INFO  | t.SubjectsTest  | TC_SUBJECT_001 PASSED
2026-08-12 17:24:23 | INFO  | u.TestListener  | 
2026-08-12 17:24:23 | INFO  | u.TestListener  | ============================================================
2026-08-12 17:24:23 | INFO  | u.TestListener  | TEST EXECUTION SUMMARY
2026-08-12 17:24:23 | INFO  | u.TestListener  | ------------------------------------------------------------
2026-08-12 17:24:23 | INFO  | u.TestListener  | Suite       : Default Suite
2026-08-12 17:24:23 | INFO  | u.TestListener  | Total Tests : 5
2026-08-12 17:24:23 | INFO  | u.TestListener  | Passed      : 5
2026-08-12 17:24:23 | INFO  | u.TestListener  | Failed      : 0
2026-08-12 17:24:23 | INFO  | u.TestListener  | Skipped     : 0
2026-08-12 17:24:23 | INFO  | u.TestListener  | Pass Rate   : 100.00%
2026-08-12 17:24:23 | INFO  | u.TestListener  | Duration    : 21 sec
2026-08-12 17:24:23 | INFO  | u.TestListener  | ============================================================
2026-08-12 17:27:01 | INFO  | u.TestListener  | ============================================================
2026-08-12 17:27:01 | INFO  | u.TestListener  | TEST EXECUTION STARTED
2026-08-12 17:27:01 | INFO  | u.TestListener  | Suite : Default Suite
2026-08-12 17:27:01 | INFO  | u.TestListener  | ============================================================
2026-08-12 17:27:03 | INFO  | t.SubjectsTest  | Page objects initialized successfully.
2026-08-12 17:27:03 | INFO  | t.SubjectsTest  | TEST CASE : TC_SUBJECT_002 - Verify Add New Subject Button is Displayed
2026-08-12 17:27:03 | INFO  | p.LoginPage     | Starting Login Process.
2026-08-12 17:27:03 | INFO  | p.LoginPage     | Entering Email.
2026-08-12 17:27:03 | INFO  | p.LoginPage     | Entering Password.
2026-08-12 17:27:04 | INFO  | p.LoginPage     | Clicking Login button.
2026-08-12 17:27:04 | INFO  | p.LoginPage     | Login completed successfully.
2026-08-12 17:27:04 | INFO  | p.CommonActions | Waiting for element to be displayed: By.xpath: //*[normalize-space()='Dashboard']
2026-08-12 17:27:04 | INFO  | p.CommonActions | Clicking element: By.xpath: //*[normalize-space()='Content']
2026-08-12 17:27:04 | INFO  | p.CommonActions | Element clicked successfully: By.xpath: //*[normalize-space()='Content']
2026-08-12 17:27:05 | INFO  | p.CommonActions | Element displayed: By.xpath: //button[normalize-space()='Add New Subject'] | Result: true
2026-08-12 17:27:05 | INFO  | t.SubjectsTest  | TC_SUBJECT_002 PASSED
2026-08-12 17:27:07 | INFO  | t.SubjectsTest  | Page objects initialized successfully.
2026-08-12 17:27:07 | INFO  | t.SubjectsTest  | TEST CASE : TC_SUBJECT_003 - Verify Add New Subject Form is Displayed
2026-08-12 17:27:07 | INFO  | p.LoginPage     | Starting Login Process.
2026-08-12 17:27:07 | INFO  | p.LoginPage     | Entering Email.
2026-08-12 17:27:07 | INFO  | p.LoginPage     | Entering Password.
2026-08-12 17:27:07 | INFO  | p.LoginPage     | Clicking Login button.
2026-08-12 17:27:07 | INFO  | p.LoginPage     | Login completed successfully.
2026-08-12 17:27:07 | INFO  | p.CommonActions | Waiting for element to be displayed: By.xpath: //*[normalize-space()='Dashboard']
2026-08-12 17:27:08 | INFO  | p.CommonActions | Clicking element: By.xpath: //*[normalize-space()='Content']
2026-08-12 17:27:08 | INFO  | p.CommonActions | Element clicked successfully: By.xpath: //*[normalize-space()='Content']
2026-08-12 17:27:09 | INFO  | p.CommonActions | Element displayed: By.xpath: //*[normalize-space()='Subjects'] | Result: true
2026-08-12 17:27:09 | INFO  | p.CommonActions | Waiting for element to be clickable: By.xpath: //button[normalize-space()='Add New Subject']
2026-08-12 17:27:09 | INFO  | p.CommonActions | Clicking element: By.xpath: //button[normalize-space()='Add New Subject']
2026-08-12 17:27:09 | INFO  | p.CommonActions | Element clicked successfully: By.xpath: //button[normalize-space()='Add New Subject']
2026-08-12 17:27:09 | INFO  | p.CommonActions | Element displayed: By.xpath: //h2[normalize-space()='Add New Subject'] | Result: true
2026-08-12 17:27:09 | INFO  | t.SubjectsTest  | TC_SUBJECT_003 PASSED
2026-08-12 17:27:11 | INFO  | t.SubjectsTest  | Page objects initialized successfully.
2026-08-12 17:27:11 | INFO  | t.SubjectsTest  | TEST CASE : TC_SUBJECT_011 - Verify Edit Subject Screen and Actions
2026-08-12 17:27:11 | INFO  | p.LoginPage     | Starting Login Process.
2026-08-12 17:27:11 | INFO  | p.LoginPage     | Entering Email.
2026-08-12 17:27:12 | INFO  | p.LoginPage     | Entering Password.
2026-08-12 17:27:12 | INFO  | p.LoginPage     | Clicking Login button.
2026-08-12 17:27:12 | INFO  | p.LoginPage     | Login completed successfully.
2026-08-12 17:27:12 | INFO  | p.CommonActions | Waiting for element to be displayed: By.xpath: //*[normalize-space()='Dashboard']
2026-08-12 17:27:12 | INFO  | p.CommonActions | Clicking element: By.xpath: //*[normalize-space()='Content']
2026-08-12 17:27:12 | INFO  | p.CommonActions | Element clicked successfully: By.xpath: //*[normalize-space()='Content']
2026-08-12 17:27:13 | INFO  | p.CommonActions | Element displayed: By.xpath: //*[normalize-space()='Subjects'] | Result: true
2026-08-12 17:27:13 | INFO  | p.CommonActions | Waiting for element to be clickable: By.xpath: //div[@class='subjects-container']//div[1]//div[1]//div[1]//button[1]//span[2]
2026-08-12 17:27:13 | INFO  | p.CommonActions | Clicking element: By.xpath: //div[@class='subjects-container']//div[1]//div[1]//div[1]//button[1]//span[2]
2026-08-12 17:27:13 | INFO  | p.CommonActions | Element clicked successfully: By.xpath: //div[@class='subjects-container']//div[1]//div[1]//div[1]//button[1]//span[2]
2026-08-12 17:27:13 | INFO  | p.CommonActions | Element displayed: By.xpath: //h2[normalize-space()='Edit Subject'] | Result: true
2026-08-12 17:27:13 | INFO  | p.CommonActions | Element displayed: By.xpath: //span[normalize-space()='Cancel'] | Result: true
2026-08-12 17:27:13 | INFO  | p.CommonActions | Element displayed: By.xpath: //span[normalize-space()='Update Subject'] | Result: true
2026-08-12 17:27:13 | INFO  | t.SubjectsTest  | TC_SUBJECT_011 PASSED
2026-08-12 17:27:15 | INFO  | t.SubjectsTest  | Page objects initialized successfully.
2026-08-12 17:27:15 | INFO  | t.SubjectsTest  | TEST CASE : TC_SUBJECT_004 - Verify Subject Create, Update and Delete
2026-08-12 17:27:15 | INFO  | p.LoginPage     | Starting Login Process.
2026-08-12 17:27:15 | INFO  | p.LoginPage     | Entering Email.
2026-08-12 17:27:15 | INFO  | p.LoginPage     | Entering Password.
2026-08-12 17:27:15 | INFO  | p.LoginPage     | Clicking Login button.
2026-08-12 17:27:15 | INFO  | p.LoginPage     | Login completed successfully.
2026-08-12 17:27:15 | INFO  | p.CommonActions | Waiting for element to be displayed: By.xpath: //*[normalize-space()='Dashboard']
2026-08-12 17:27:16 | INFO  | p.CommonActions | Clicking element: By.xpath: //*[normalize-space()='Content']
2026-08-12 17:27:16 | INFO  | p.CommonActions | Element clicked successfully: By.xpath: //*[normalize-space()='Content']
2026-08-12 17:27:16 | INFO  | p.CommonActions | Element displayed: By.xpath: //*[normalize-space()='Subjects'] | Result: true
2026-08-12 17:27:16 | INFO  | t.SubjectsTest  | CREATE | Creating subject: Science
2026-08-12 17:27:16 | INFO  | p.CommonActions | Waiting for element to be clickable: By.xpath: //button[normalize-space()='Add New Subject']
2026-08-12 17:27:16 | INFO  | p.CommonActions | Clicking element: By.xpath: //button[normalize-space()='Add New Subject']
2026-08-12 17:27:16 | INFO  | p.CommonActions | Element clicked successfully: By.xpath: //button[normalize-space()='Add New Subject']
2026-08-12 17:27:16 | INFO  | p.CommonActions | Entering text 'Science' into: By.xpath: //input[@placeholder='Subject Name' or @name='subjectName' or @type='text']
2026-08-12 17:27:20 | INFO  | p.CommonActions | Uploading file: D:\MontreCY\com.montrecy.automation\src\main\resources\ScienceSubject.png
2026-08-12 17:27:26 | INFO  | p.CommonActions | File uploaded successfully: ScienceSubject.png
2026-08-12 17:27:29 | INFO  | p.CommonActions | Uploaded image verified successfully.
2026-08-12 17:27:38 | INFO  | p.CommonActions | Clicking element: By.xpath: //div[contains(@class,'modal-actions')]//button[@type='button' and .//span[normalize-space()='Add Subject']]
2026-08-12 17:27:38 | INFO  | p.CommonActions | Element clicked successfully: By.xpath: //div[contains(@class,'modal-actions')]//button[@type='button' and .//span[normalize-space()='Add Subject']]
2026-08-12 17:27:41 | INFO  | t.SubjectsTest  | CREATE | Verifying toast message: 'Subject created successfully'
2026-08-12 17:27:41 | INFO  | p.CommonActions | Verify text | Expected: 'Subject created successfully' | Actual: 'Subject created successfully' | Result: true
2026-08-12 17:27:41 | INFO  | t.SubjectsTest  | CREATE | Subject created successfully: Science
2026-08-12 17:27:41 | INFO  | t.SubjectsTest  | UPDATE | Updating subject: Science -> Maths
2026-08-12 17:27:41 | INFO  | p.CommonActions | Clicking element: By.xpath: //h3[normalize-space()='Science']/ancestor::div[contains(@class,'card')]//button[contains(.,'Edit')]
2026-08-12 17:27:41 | INFO  | p.CommonActions | Element clicked successfully: By.xpath: //h3[normalize-space()='Science']/ancestor::div[contains(@class,'card')]//button[contains(.,'Edit')]
2026-08-12 17:27:41 | INFO  | p.CommonActions | Clicking element: By.xpath: //div[@class='subjects-container']//div[1]//div[1]//div[1]//button[1]//span[2]
2026-08-12 17:27:44 | INFO  | t.SubjectsTest  | Page objects initialized successfully.
2026-08-12 17:27:44 | INFO  | t.SubjectsTest  | TEST CASE : TC_SUBJECT_005 - Verify Subject Name Mandatory Validation
2026-08-12 17:27:44 | INFO  | p.LoginPage     | Starting Login Process.
2026-08-12 17:27:44 | INFO  | p.LoginPage     | Entering Email.
2026-08-12 17:27:44 | INFO  | p.LoginPage     | Entering Password.
2026-08-12 17:27:44 | INFO  | p.LoginPage     | Clicking Login button.
2026-08-12 17:27:44 | INFO  | p.LoginPage     | Login completed successfully.
2026-08-12 17:27:44 | INFO  | p.CommonActions | Waiting for element to be displayed: By.xpath: //*[normalize-space()='Dashboard']
2026-08-12 17:27:46 | INFO  | p.CommonActions | Clicking element: By.xpath: //*[normalize-space()='Content']
2026-08-12 17:27:46 | INFO  | p.CommonActions | Element clicked successfully: By.xpath: //*[normalize-space()='Content']
2026-08-12 17:27:46 | INFO  | p.CommonActions | Element displayed: By.xpath: //*[normalize-space()='Subjects'] | Result: true
2026-08-12 17:27:46 | INFO  | p.CommonActions | Waiting for element to be clickable: By.xpath: //button[normalize-space()='Add New Subject']
2026-08-12 17:27:46 | INFO  | p.CommonActions | Clicking element: By.xpath: //button[normalize-space()='Add New Subject']
2026-08-12 17:27:46 | INFO  | p.CommonActions | Element clicked successfully: By.xpath: //button[normalize-space()='Add New Subject']
2026-08-12 17:27:46 | INFO  | p.CommonActions | Submitting form for field validation.
2026-08-12 17:27:46 | INFO  | p.CommonActions | Clicking element: By.xpath: //div[contains(@class,'modal-actions')]//button[@type='button' and .//span[normalize-space()='Add Subject']]
2026-08-12 17:27:47 | INFO  | p.CommonActions | Element clicked successfully: By.xpath: //div[contains(@class,'modal-actions')]//button[@type='button' and .//span[normalize-space()='Add Subject']]
2026-08-12 17:27:47 | INFO  | p.CommonActions | Validating field error message. Expected: 'Subject name is required'
2026-08-12 17:27:47 | INFO  | p.CommonActions | Verify text | Expected: 'Subject name is required' | Actual: 'Subject name is required' | Result: true
2026-08-12 17:27:47 | INFO  | p.CommonActions | Field validation passed: 'Subject name is required'
2026-08-12 17:27:47 | INFO  | t.SubjectsTest  | TC_SUBJECT_005 PASSED
2026-08-12 17:27:49 | INFO  | t.SubjectsTest  | Page objects initialized successfully.
2026-08-12 17:27:49 | INFO  | t.SubjectsTest  | TEST CASE : TC_SUBJECT_001 - Verify Subjects Page is Displayed
2026-08-12 17:27:49 | INFO  | p.LoginPage     | Starting Login Process.
2026-08-12 17:27:49 | INFO  | p.LoginPage     | Entering Email.
2026-08-12 17:27:49 | INFO  | p.LoginPage     | Entering Password.
2026-08-12 17:27:49 | INFO  | p.LoginPage     | Clicking Login button.
2026-08-12 17:27:49 | INFO  | p.LoginPage     | Login completed successfully.
2026-08-12 17:27:49 | INFO  | p.CommonActions | Waiting for element to be displayed: By.xpath: //*[normalize-space()='Dashboard']
2026-08-12 17:27:50 | INFO  | p.CommonActions | Clicking element: By.xpath: //*[normalize-space()='Content']
2026-08-12 17:27:50 | INFO  | p.CommonActions | Element clicked successfully: By.xpath: //*[normalize-space()='Content']
2026-08-12 17:27:50 | INFO  | t.SubjectsTest  | VERIFY | Verifying Subjects page title is displayed
2026-08-12 17:27:50 | INFO  | p.CommonActions | Element displayed: By.xpath: //*[normalize-space()='Subjects'] | Result: true
2026-08-12 17:27:50 | INFO  | t.SubjectsTest  | VERIFY | Subjects page title displayed: true
2026-08-12 17:27:50 | INFO  | t.SubjectsTest  | ASSERT | Subjects page title verification passed
2026-08-12 17:27:50 | INFO  | t.SubjectsTest  | TC_SUBJECT_001 PASSED
2026-08-12 17:27:51 | INFO  | u.TestListener  | 
2026-08-12 17:27:51 | INFO  | u.TestListener  | ============================================================
2026-08-12 17:27:51 | INFO  | u.TestListener  | TEST EXECUTION SUMMARY
2026-08-12 17:27:51 | INFO  | u.TestListener  | ------------------------------------------------------------
2026-08-12 17:27:51 | INFO  | u.TestListener  | Suite       : Default Suite
2026-08-12 17:27:51 | INFO  | u.TestListener  | Total Tests : 6
2026-08-12 17:27:51 | INFO  | u.TestListener  | Passed      : 5
2026-08-12 17:27:51 | INFO  | u.TestListener  | Failed      : 1
2026-08-12 17:27:51 | INFO  | u.TestListener  | Skipped     : 0
2026-08-12 17:27:51 | INFO  | u.TestListener  | Pass Rate   : 83.33%
2026-08-12 17:27:51 | INFO  | u.TestListener  | Duration    : 50 sec
2026-08-12 17:27:51 | INFO  | u.TestListener  | ============================================================
2026-08-12 17:30:25 | INFO  | u.TestListener  | ============================================================
2026-08-12 17:30:25 | INFO  | u.TestListener  | TEST EXECUTION STARTED
2026-08-12 17:30:25 | INFO  | u.TestListener  | Suite : Default Suite
2026-08-12 17:30:25 | INFO  | u.TestListener  | ============================================================
2026-08-12 17:30:29 | INFO  | t.SubjectsTest  | Page objects initialized successfully.
2026-08-12 17:30:29 | INFO  | t.SubjectsTest  | TEST CASE : TC_SUBJECT_002 - Verify Add New Subject Button is Displayed
2026-08-12 17:30:29 | INFO  | p.LoginPage     | Starting Login Process.
2026-08-12 17:30:29 | INFO  | p.LoginPage     | Entering Email.
2026-08-12 17:30:29 | INFO  | p.LoginPage     | Entering Password.
2026-08-12 17:30:29 | INFO  | p.LoginPage     | Clicking Login button.
2026-08-12 17:30:29 | INFO  | p.LoginPage     | Login completed successfully.
2026-08-12 17:30:29 | INFO  | p.CommonActions | Waiting for element to be displayed: By.xpath: //*[normalize-space()='Dashboard']
2026-08-12 17:30:30 | INFO  | p.CommonActions | Clicking element: By.xpath: //*[normalize-space()='Content']
2026-08-12 17:30:30 | INFO  | p.CommonActions | Element clicked successfully: By.xpath: //*[normalize-space()='Content']
2026-08-12 17:30:30 | INFO  | p.CommonActions | Element displayed: By.xpath: //button[normalize-space()='Add New Subject'] | Result: true
2026-08-12 17:30:30 | INFO  | t.SubjectsTest  | TC_SUBJECT_002 PASSED
2026-08-12 17:30:32 | INFO  | t.SubjectsTest  | Page objects initialized successfully.
2026-08-12 17:30:32 | INFO  | t.SubjectsTest  | TEST CASE : TC_SUBJECT_003 - Verify Add New Subject Form is Displayed
2026-08-12 17:30:32 | INFO  | p.LoginPage     | Starting Login Process.
2026-08-12 17:30:32 | INFO  | p.LoginPage     | Entering Email.
2026-08-12 17:30:32 | INFO  | p.LoginPage     | Entering Password.
2026-08-12 17:30:32 | INFO  | p.LoginPage     | Clicking Login button.
2026-08-12 17:30:32 | INFO  | p.LoginPage     | Login completed successfully.
2026-08-12 17:30:32 | INFO  | p.CommonActions | Waiting for element to be displayed: By.xpath: //*[normalize-space()='Dashboard']
2026-08-12 17:30:33 | INFO  | p.CommonActions | Clicking element: By.xpath: //*[normalize-space()='Content']
2026-08-12 17:30:33 | INFO  | p.CommonActions | Element clicked successfully: By.xpath: //*[normalize-space()='Content']
2026-08-12 17:30:34 | INFO  | p.CommonActions | Element displayed: By.xpath: //*[normalize-space()='Subjects'] | Result: true
2026-08-12 17:30:34 | INFO  | p.CommonActions | Waiting for element to be clickable: By.xpath: //button[normalize-space()='Add New Subject']
2026-08-12 17:30:34 | INFO  | p.CommonActions | Clicking element: By.xpath: //button[normalize-space()='Add New Subject']
2026-08-12 17:30:34 | INFO  | p.CommonActions | Element clicked successfully: By.xpath: //button[normalize-space()='Add New Subject']
2026-08-12 17:30:34 | INFO  | p.CommonActions | Element displayed: By.xpath: //h2[normalize-space()='Add New Subject'] | Result: true
2026-08-12 17:30:34 | INFO  | t.SubjectsTest  | TC_SUBJECT_003 PASSED
2026-08-12 17:30:36 | INFO  | t.SubjectsTest  | Page objects initialized successfully.
2026-08-12 17:30:36 | INFO  | t.SubjectsTest  | TEST CASE : TC_SUBJECT_011 - Verify Edit Subject Screen and Actions
2026-08-12 17:30:36 | INFO  | p.LoginPage     | Starting Login Process.
2026-08-12 17:30:36 | INFO  | p.LoginPage     | Entering Email.
2026-08-12 17:30:36 | INFO  | p.LoginPage     | Entering Password.
2026-08-12 17:30:36 | INFO  | p.LoginPage     | Clicking Login button.
2026-08-12 17:30:36 | INFO  | p.LoginPage     | Login completed successfully.
2026-08-12 17:30:36 | INFO  | p.CommonActions | Waiting for element to be displayed: By.xpath: //*[normalize-space()='Dashboard']
2026-08-12 17:30:37 | INFO  | p.CommonActions | Clicking element: By.xpath: //*[normalize-space()='Content']
2026-08-12 17:30:37 | INFO  | p.CommonActions | Element clicked successfully: By.xpath: //*[normalize-space()='Content']
2026-08-12 17:30:37 | INFO  | p.CommonActions | Element displayed: By.xpath: //*[normalize-space()='Subjects'] | Result: true
2026-08-12 17:30:37 | INFO  | p.CommonActions | Waiting for element to be clickable: By.xpath: //div[@class='subjects-container']//div[1]//div[1]//div[1]//button[1]//span[2]
2026-08-12 17:30:37 | INFO  | p.CommonActions | Clicking element: By.xpath: //div[@class='subjects-container']//div[1]//div[1]//div[1]//button[1]//span[2]
2026-08-12 17:30:37 | INFO  | p.CommonActions | Element clicked successfully: By.xpath: //div[@class='subjects-container']//div[1]//div[1]//div[1]//button[1]//span[2]
2026-08-12 17:30:37 | INFO  | p.CommonActions | Element displayed: By.xpath: //h2[normalize-space()='Edit Subject'] | Result: true
2026-08-12 17:30:37 | INFO  | p.CommonActions | Element displayed: By.xpath: //span[normalize-space()='Cancel'] | Result: true
2026-08-12 17:30:37 | INFO  | p.CommonActions | Element displayed: By.xpath: //span[normalize-space()='Update Subject'] | Result: true
2026-08-12 17:30:37 | INFO  | t.SubjectsTest  | TC_SUBJECT_011 PASSED
2026-08-12 17:30:40 | INFO  | t.SubjectsTest  | Page objects initialized successfully.
2026-08-12 17:30:40 | INFO  | t.SubjectsTest  | TEST CASE : TC_SUBJECT_004 - Verify Subject Create, Update and Delete
2026-08-12 17:30:40 | INFO  | p.LoginPage     | Starting Login Process.
2026-08-12 17:30:40 | INFO  | p.LoginPage     | Entering Email.
2026-08-12 17:30:40 | INFO  | p.LoginPage     | Entering Password.
2026-08-12 17:30:40 | INFO  | p.LoginPage     | Clicking Login button.
2026-08-12 17:30:40 | INFO  | p.LoginPage     | Login completed successfully.
2026-08-12 17:30:40 | INFO  | p.CommonActions | Waiting for element to be displayed: By.xpath: //*[normalize-space()='Dashboard']
2026-08-12 17:30:40 | INFO  | p.CommonActions | Clicking element: By.xpath: //*[normalize-space()='Content']
2026-08-12 17:30:40 | INFO  | p.CommonActions | Element clicked successfully: By.xpath: //*[normalize-space()='Content']
2026-08-12 17:30:41 | INFO  | p.CommonActions | Element displayed: By.xpath: //*[normalize-space()='Subjects'] | Result: true
2026-08-12 17:30:41 | INFO  | t.SubjectsTest  | CREATE | Creating subject: Science
2026-08-12 17:30:41 | INFO  | p.CommonActions | Waiting for element to be clickable: By.xpath: //button[normalize-space()='Add New Subject']
2026-08-12 17:30:41 | INFO  | p.CommonActions | Clicking element: By.xpath: //button[normalize-space()='Add New Subject']
2026-08-12 17:30:41 | INFO  | p.CommonActions | Element clicked successfully: By.xpath: //button[normalize-space()='Add New Subject']
2026-08-12 17:30:41 | INFO  | p.CommonActions | Entering text 'Science' into: By.xpath: //input[@placeholder='Subject Name' or @name='subjectName' or @type='text']
2026-08-12 17:30:44 | INFO  | p.CommonActions | Uploading file: D:\MontreCY\com.montrecy.automation\src\main\resources\ScienceSubject.png
2026-08-12 17:30:50 | INFO  | p.CommonActions | File uploaded successfully: ScienceSubject.png
2026-08-12 17:30:53 | INFO  | p.CommonActions | Uploaded image verified successfully.
2026-08-12 17:31:02 | INFO  | p.CommonActions | Clicking element: By.xpath: //div[contains(@class,'modal-actions')]//button[@type='button' and .//span[normalize-space()='Add Subject']]
2026-08-12 17:31:02 | INFO  | p.CommonActions | Element clicked successfully: By.xpath: //div[contains(@class,'modal-actions')]//button[@type='button' and .//span[normalize-space()='Add Subject']]
2026-08-12 17:31:05 | INFO  | t.SubjectsTest  | CREATE | Verifying toast message: 'Subject created successfully'
2026-08-12 17:31:05 | INFO  | p.CommonActions | Verify text | Expected: 'Subject created successfully' | Actual: 'Subject created successfully' | Result: true
2026-08-12 17:31:05 | INFO  | t.SubjectsTest  | CREATE | Subject created successfully: Science
2026-08-12 17:31:05 | INFO  | t.SubjectsTest  | TC_SUBJECT_004 PASSED | Subject Create, Update and Delete verification completed successfully
2026-08-12 17:31:08 | INFO  | t.SubjectsTest  | Page objects initialized successfully.
2026-08-12 17:31:08 | INFO  | t.SubjectsTest  | TEST CASE : TC_SUBJECT_005 - Verify Subject Name Mandatory Validation
2026-08-12 17:31:08 | INFO  | p.LoginPage     | Starting Login Process.
2026-08-12 17:31:08 | INFO  | p.LoginPage     | Entering Email.
2026-08-12 17:31:08 | INFO  | p.LoginPage     | Entering Password.
2026-08-12 17:31:08 | INFO  | p.LoginPage     | Clicking Login button.
2026-08-12 17:31:08 | INFO  | p.LoginPage     | Login completed successfully.
2026-08-12 17:31:08 | INFO  | p.CommonActions | Waiting for element to be displayed: By.xpath: //*[normalize-space()='Dashboard']
2026-08-12 17:31:09 | INFO  | p.CommonActions | Clicking element: By.xpath: //*[normalize-space()='Content']
2026-08-12 17:31:09 | INFO  | p.CommonActions | Element clicked successfully: By.xpath: //*[normalize-space()='Content']
2026-08-12 17:31:09 | INFO  | p.CommonActions | Element displayed: By.xpath: //*[normalize-space()='Subjects'] | Result: true
2026-08-12 17:31:09 | INFO  | p.CommonActions | Waiting for element to be clickable: By.xpath: //button[normalize-space()='Add New Subject']
2026-08-12 17:31:09 | INFO  | p.CommonActions | Clicking element: By.xpath: //button[normalize-space()='Add New Subject']
2026-08-12 17:31:09 | INFO  | p.CommonActions | Element clicked successfully: By.xpath: //button[normalize-space()='Add New Subject']
2026-08-12 17:31:09 | INFO  | p.CommonActions | Submitting form for field validation.
2026-08-12 17:31:09 | INFO  | p.CommonActions | Clicking element: By.xpath: //div[contains(@class,'modal-actions')]//button[@type='button' and .//span[normalize-space()='Add Subject']]
2026-08-12 17:31:10 | INFO  | p.CommonActions | Element clicked successfully: By.xpath: //div[contains(@class,'modal-actions')]//button[@type='button' and .//span[normalize-space()='Add Subject']]
2026-08-12 17:31:10 | INFO  | p.CommonActions | Validating field error message. Expected: 'Subject name is required'
2026-08-12 17:31:10 | INFO  | p.CommonActions | Verify text | Expected: 'Subject name is required' | Actual: 'Subject name is required' | Result: true
2026-08-12 17:31:10 | INFO  | p.CommonActions | Field validation passed: 'Subject name is required'
2026-08-12 17:31:10 | INFO  | t.SubjectsTest  | TC_SUBJECT_005 PASSED
2026-08-12 17:31:12 | INFO  | t.SubjectsTest  | Page objects initialized successfully.
2026-08-12 17:31:12 | INFO  | t.SubjectsTest  | TEST CASE : TC_SUBJECT_001 - Verify Subjects Page is Displayed
2026-08-12 17:31:12 | INFO  | p.LoginPage     | Starting Login Process.
2026-08-12 17:31:12 | INFO  | p.LoginPage     | Entering Email.
2026-08-12 17:31:12 | INFO  | p.LoginPage     | Entering Password.
2026-08-12 17:31:12 | INFO  | p.LoginPage     | Clicking Login button.
2026-08-12 17:31:12 | INFO  | p.LoginPage     | Login completed successfully.
2026-08-12 17:31:12 | INFO  | p.CommonActions | Waiting for element to be displayed: By.xpath: //*[normalize-space()='Dashboard']
2026-08-12 17:31:13 | INFO  | p.CommonActions | Clicking element: By.xpath: //*[normalize-space()='Content']
2026-08-12 17:31:13 | INFO  | p.CommonActions | Element clicked successfully: By.xpath: //*[normalize-space()='Content']
2026-08-12 17:31:13 | INFO  | t.SubjectsTest  | VERIFY | Verifying Subjects page title is displayed
2026-08-12 17:31:13 | INFO  | p.CommonActions | Element displayed: By.xpath: //*[normalize-space()='Subjects'] | Result: true
2026-08-12 17:31:13 | INFO  | t.SubjectsTest  | VERIFY | Subjects page title displayed: true
2026-08-12 17:31:13 | INFO  | t.SubjectsTest  | ASSERT | Subjects page title verification passed
2026-08-12 17:31:13 | INFO  | t.SubjectsTest  | TC_SUBJECT_001 PASSED
2026-08-12 17:31:14 | INFO  | u.TestListener  | 
2026-08-12 17:31:14 | INFO  | u.TestListener  | ============================================================
2026-08-12 17:31:14 | INFO  | u.TestListener  | TEST EXECUTION SUMMARY
2026-08-12 17:31:14 | INFO  | u.TestListener  | ------------------------------------------------------------
2026-08-12 17:31:14 | INFO  | u.TestListener  | Suite       : Default Suite
2026-08-12 17:31:14 | INFO  | u.TestListener  | Total Tests : 6
2026-08-12 17:31:14 | INFO  | u.TestListener  | Passed      : 6
2026-08-12 17:31:14 | INFO  | u.TestListener  | Failed      : 0
2026-08-12 17:31:14 | INFO  | u.TestListener  | Skipped     : 0
2026-08-12 17:31:14 | INFO  | u.TestListener  | Pass Rate   : 100.00%
2026-08-12 17:31:14 | INFO  | u.TestListener  | Duration    : 49 sec
2026-08-12 17:31:14 | INFO  | u.TestListener  | ============================================================
2026-08-12 17:38:56 | INFO  | u.TestListener  | ============================================================
2026-08-12 17:38:56 | INFO  | u.TestListener  | TEST EXECUTION STARTED
2026-08-12 17:38:56 | INFO  | u.TestListener  | Suite : Default Suite
2026-08-12 17:38:56 | INFO  | u.TestListener  | ============================================================
2026-08-12 17:38:58 | INFO  | p.LoginPage     | Starting Login Process.
2026-08-12 17:38:58 | INFO  | p.LoginPage     | Entering Email.
2026-08-12 17:38:59 | INFO  | p.LoginPage     | Entering Password.
2026-08-12 17:38:59 | INFO  | p.LoginPage     | Clicking Login button.
2026-08-12 17:38:59 | INFO  | p.LoginPage     | Login completed successfully.
2026-08-12 17:38:59 | INFO  | p.CommonActions | Waiting for element to be displayed: By.xpath: //*[normalize-space()='Dashboard']
2026-08-12 17:39:00 | INFO  | p.CommonActions | Clicking element: By.xpath: //*[normalize-space()='Content']
2026-08-12 17:39:00 | INFO  | p.CommonActions | Element clicked successfully: By.xpath: //*[normalize-space()='Content']
2026-08-12 17:39:00 | INFO  | p.CommonActions | Element displayed: By.xpath: //*[normalize-space()='Subjects'] | Result: true
2026-08-12 17:39:01 | INFO  | p.CommonActions | Element displayed: By.xpath: //h3[normalize-space()='Science'] | Result: true
2026-08-12 17:39:01 | INFO  | p.CommonActions | Clicking element: By.xpath: //h3[normalize-space()='Science']
2026-08-12 17:39:01 | INFO  | p.CommonActions | Element clicked successfully: By.xpath: //h3[normalize-space()='Science']
2026-08-12 17:39:01 | INFO  | p.CommonActions | Clicking element: By.xpath: //span[contains(text(),'Add New Level')]
2026-08-12 17:39:01 | INFO  | p.CommonActions | Element clicked successfully: By.xpath: //span[contains(text(),'Add New Level')]
2026-08-12 17:39:01 | INFO  | p.CommonActions | Entering text '1' into: By.xpath: //input[@placeholder='Enter Level Number']
2026-08-12 17:39:01 | INFO  | p.CommonActions | Entering text 'FirstGrade' into: By.xpath: //input[@placeholder='e.g. Fifth Grade']
2026-08-12 17:39:01 | INFO  | p.CommonActions | Entering text 'English Basics' into: By.xpath: //textarea[@placeholder='Enter Description']
2026-08-12 17:39:04 | INFO  | p.CommonActions | Uploading file: D:\MontreCY\com.montrecy.automation\src\main\resources\ScienceSubject.png
2026-08-12 17:39:11 | INFO  | p.CommonActions | File uploaded successfully: ScienceSubject.png
2026-08-12 17:39:14 | INFO  | p.CommonActions | Uploaded image verified successfully.
2026-08-12 17:39:20 | INFO  | p.CommonActions | Clicking element: By.xpath: //div[@class='modal-actions']//span[normalize-space()='Add New Level']
2026-08-12 17:39:20 | INFO  | p.CommonActions | Element clicked successfully: By.xpath: //div[@class='modal-actions']//span[normalize-space()='Add New Level']
2026-08-12 17:39:43 | ERROR | p.CommonActions | Element not displayed: By.xpath: //*[normalize-space()='This level number already exists for the selected subject.']
2026-08-12 17:39:45 | INFO  | p.LoginPage     | Starting Login Process.
2026-08-12 17:39:45 | INFO  | p.LoginPage     | Entering Email.
2026-08-12 17:39:46 | INFO  | p.LoginPage     | Entering Password.
2026-08-12 17:39:46 | INFO  | p.LoginPage     | Clicking Login button.
2026-08-12 17:39:46 | INFO  | p.LoginPage     | Login completed successfully.
2026-08-12 17:39:46 | INFO  | p.CommonActions | Waiting for element to be displayed: By.xpath: //*[normalize-space()='Dashboard']
2026-08-12 17:39:46 | INFO  | p.CommonActions | Clicking element: By.xpath: //*[normalize-space()='Content']
2026-08-12 17:39:46 | INFO  | p.CommonActions | Element clicked successfully: By.xpath: //*[normalize-space()='Content']
2026-08-12 17:39:47 | INFO  | p.CommonActions | Element displayed: By.xpath: //*[normalize-space()='Subjects'] | Result: true
2026-08-12 17:39:47 | INFO  | p.CommonActions | Element displayed: By.xpath: //h3[normalize-space()='Science'] | Result: true
2026-08-12 17:39:47 | INFO  | p.CommonActions | Clicking element: By.xpath: //h3[normalize-space()='Science']
2026-08-12 17:39:47 | INFO  | p.CommonActions | Element clicked successfully: By.xpath: //h3[normalize-space()='Science']
2026-08-12 17:39:47 | INFO  | p.CommonActions | Clicking element: By.xpath: //div[normalize-space()='Edit Level Details']
2026-08-12 17:39:48 | INFO  | p.CommonActions | Element clicked successfully: By.xpath: //div[normalize-space()='Edit Level Details']
2026-08-12 17:39:48 | INFO  | p.CommonActions | Element displayed: By.xpath: //input[@placeholder='Enter Level Number'] | Result: true
2026-08-12 17:39:48 | INFO  | p.CommonActions | Element displayed: By.xpath: //input[@placeholder='e.g. Fifth Grade'] | Result: true
2026-08-12 17:39:48 | INFO  | p.CommonActions | Element displayed: By.xpath: //textarea[@placeholder='Enter Description'] | Result: true
2026-08-12 17:39:48 | INFO  | p.CommonActions | Entering text '2' into: By.xpath: //input[@placeholder='Enter Level Number']
2026-08-12 17:39:48 | INFO  | p.CommonActions | Entering text 'SecondGrade' into: By.xpath: //input[@placeholder='e.g. Fifth Grade']
2026-08-12 17:39:48 | INFO  | p.CommonActions | Entering text 'Updated English Basics' into: By.xpath: //textarea[@placeholder='Enter Description']
2026-08-12 17:39:51 | INFO  | p.CommonActions | Uploading file: D:\MontreCY\com.montrecy.automation\src\main\resources\MathsSubject.png
2026-08-12 17:39:57 | INFO  | p.CommonActions | File uploaded successfully: MathsSubject.png
2026-08-12 17:40:00 | INFO  | p.CommonActions | Uploaded image verified successfully.
2026-08-12 17:40:09 | INFO  | p.CommonActions | Clicking element: By.xpath: //span[normalize-space()='Update Level']
2026-08-12 17:40:09 | INFO  | p.CommonActions | Element clicked successfully: By.xpath: //span[normalize-space()='Update Level']
2026-08-12 17:40:09 | INFO  | p.CommonActions | Element displayed: By.xpath: //input[@placeholder='Enter Level Number'] | Result: true
2026-08-12 17:40:09 | INFO  | p.CommonActions | Element displayed: By.xpath: //input[@placeholder='e.g. Fifth Grade'] | Result: true
2026-08-12 17:40:09 | INFO  | p.CommonActions | Element displayed: By.xpath: //textarea[@placeholder='Enter Description'] | Result: true
2026-08-12 17:40:12 | INFO  | p.LoginPage     | Starting Login Process.
2026-08-12 17:40:12 | INFO  | p.LoginPage     | Entering Email.
2026-08-12 17:40:12 | INFO  | p.LoginPage     | Entering Password.
2026-08-12 17:40:12 | INFO  | p.LoginPage     | Clicking Login button.
2026-08-12 17:40:12 | INFO  | p.LoginPage     | Login completed successfully.
2026-08-12 17:40:12 | INFO  | p.CommonActions | Waiting for element to be displayed: By.xpath: //*[normalize-space()='Dashboard']
2026-08-12 17:40:13 | INFO  | p.CommonActions | Clicking element: By.xpath: //*[normalize-space()='Content']
2026-08-12 17:40:13 | INFO  | p.CommonActions | Element clicked successfully: By.xpath: //*[normalize-space()='Content']
2026-08-12 17:40:13 | INFO  | p.CommonActions | Element displayed: By.xpath: //*[normalize-space()='Subjects'] | Result: true
2026-08-12 17:40:13 | INFO  | p.CommonActions | Element displayed: By.xpath: //h3[normalize-space()='Science'] | Result: true
2026-08-12 17:40:13 | INFO  | p.CommonActions | Clicking element: By.xpath: //h3[normalize-space()='Science']
2026-08-12 17:40:13 | INFO  | p.CommonActions | Element clicked successfully: By.xpath: //h3[normalize-space()='Science']
2026-08-12 17:40:16 | INFO  | p.CommonActions | Clicking element: By.xpath: //span[normalize-space()='Inactive']
2026-08-12 17:40:16 | INFO  | p.CommonActions | Element clicked successfully: By.xpath: //span[normalize-space()='Inactive']
2026-08-12 17:40:20 | INFO  | p.CommonActions | Verify text | Expected: 'Level status changed to Inactive' | Actual: 'Success
Level status changed to Inactive' | Result: true
2026-08-12 17:40:23 | INFO  | p.CommonActions | Clicking element: By.xpath: //span[normalize-space()='Active']
2026-08-12 17:40:23 | INFO  | p.CommonActions | Element clicked successfully: By.xpath: //span[normalize-space()='Active']
2026-08-12 17:40:26 | INFO  | p.CommonActions | Verify text | Expected: 'Level status changed to Active' | Actual: 'Success
Level status changed to Active' | Result: true
2026-08-12 17:40:26 | INFO  | u.TestListener  | 
2026-08-12 17:40:26 | INFO  | u.TestListener  | ============================================================
2026-08-12 17:40:26 | INFO  | u.TestListener  | TEST EXECUTION SUMMARY
2026-08-12 17:40:26 | INFO  | u.TestListener  | ------------------------------------------------------------
2026-08-12 17:40:26 | INFO  | u.TestListener  | Suite       : Default Suite
2026-08-12 17:40:26 | INFO  | u.TestListener  | Total Tests : 3
2026-08-12 17:40:26 | INFO  | u.TestListener  | Passed      : 3
2026-08-12 17:40:26 | INFO  | u.TestListener  | Failed      : 0
2026-08-12 17:40:26 | INFO  | u.TestListener  | Skipped     : 0
2026-08-12 17:40:26 | INFO  | u.TestListener  | Pass Rate   : 100.00%
2026-08-12 17:40:26 | INFO  | u.TestListener  | Duration    : 90 sec
2026-08-12 17:40:26 | INFO  | u.TestListener  | ============================================================
2026-08-12 17:52:02 | INFO  | u.TestListener  | ============================================================
2026-08-12 17:52:02 | INFO  | u.TestListener  | TEST EXECUTION STARTED
2026-08-12 17:52:02 | INFO  | u.TestListener  | Suite : Default Suite
2026-08-12 17:52:02 | INFO  | u.TestListener  | ============================================================
2026-08-12 17:52:07 | INFO  | p.LoginPage     | Starting Login Process.
2026-08-12 17:52:07 | INFO  | p.LoginPage     | Entering Email.
2026-08-12 17:52:07 | INFO  | p.LoginPage     | Entering Password.
2026-08-12 17:52:07 | INFO  | p.LoginPage     | Clicking Login button.
2026-08-12 17:52:07 | INFO  | p.LoginPage     | Login completed successfully.
2026-08-12 17:52:07 | INFO  | p.CommonActions | Waiting for element to be displayed: By.xpath: //*[normalize-space()='Dashboard']
2026-08-12 17:52:08 | INFO  | p.CommonActions | Clicking element: By.xpath: //*[normalize-space()='Content']
2026-08-12 17:52:08 | INFO  | p.CommonActions | Element clicked successfully: By.xpath: //*[normalize-space()='Content']
2026-08-12 17:52:09 | INFO  | p.CommonActions | Element displayed: By.xpath: //*[normalize-space()='Subjects'] | Result: true
2026-08-12 17:52:09 | INFO  | p.CommonActions | Element displayed: By.xpath: //h3[normalize-space()='Science'] | Result: true
2026-08-12 17:52:09 | INFO  | p.CommonActions | Clicking element: By.xpath: //h3[normalize-space()='Science']
2026-08-12 17:52:09 | INFO  | p.CommonActions | Element clicked successfully: By.xpath: //h3[normalize-space()='Science']
2026-08-12 17:52:09 | INFO  | p.CommonActions | Clicking element: By.xpath: //span[contains(text(),'Add New Level')]
2026-08-12 17:52:10 | INFO  | p.CommonActions | Element clicked successfully: By.xpath: //span[contains(text(),'Add New Level')]
2026-08-12 17:52:10 | INFO  | p.CommonActions | Entering text '1' into: By.xpath: //input[@placeholder='Enter Level Number']
2026-08-12 17:52:10 | INFO  | p.CommonActions | Entering text 'FirstGrade' into: By.xpath: //input[@placeholder='e.g. Fifth Grade']
2026-08-12 17:52:10 | INFO  | p.CommonActions | Entering text 'English Basics' into: By.xpath: //textarea[@placeholder='Enter Description']
2026-08-12 17:52:13 | INFO  | p.CommonActions | Uploading file: D:\MontreCY\com.montrecy.automation\src\main\resources\ScienceSubject.png
2026-08-12 17:52:19 | INFO  | p.CommonActions | File uploaded successfully: ScienceSubject.png
2026-08-12 17:52:22 | INFO  | p.CommonActions | Uploaded image verified successfully.
2026-08-12 17:52:28 | INFO  | p.CommonActions | Clicking element: By.xpath: //div[@class='modal-actions']//span[normalize-space()='Add New Level']
2026-08-12 17:52:28 | INFO  | p.CommonActions | Element clicked successfully: By.xpath: //div[@class='modal-actions']//span[normalize-space()='Add New Level']
2026-08-12 17:52:31 | INFO  | p.CommonActions | Element displayed: By.xpath: //*[normalize-space()='This level number already exists for the selected subject.'] | Result: true
2026-08-12 17:52:34 | INFO  | p.LoginPage     | Starting Login Process.
2026-08-12 17:52:34 | INFO  | p.LoginPage     | Entering Email.
2026-08-12 17:52:34 | INFO  | p.LoginPage     | Entering Password.
2026-08-12 17:52:34 | INFO  | p.LoginPage     | Clicking Login button.
2026-08-12 17:52:34 | INFO  | p.LoginPage     | Login completed successfully.
2026-08-12 17:52:34 | INFO  | p.CommonActions | Waiting for element to be displayed: By.xpath: //*[normalize-space()='Dashboard']
2026-08-12 17:52:35 | INFO  | p.CommonActions | Clicking element: By.xpath: //*[normalize-space()='Content']
2026-08-12 17:52:35 | INFO  | p.CommonActions | Element clicked successfully: By.xpath: //*[normalize-space()='Content']
2026-08-12 17:52:35 | INFO  | p.CommonActions | Element displayed: By.xpath: //*[normalize-space()='Subjects'] | Result: true
2026-08-12 17:52:36 | INFO  | p.CommonActions | Element displayed: By.xpath: //h3[normalize-space()='Science'] | Result: true
2026-08-12 17:52:36 | INFO  | p.CommonActions | Clicking element: By.xpath: //h3[normalize-space()='Science']
2026-08-12 17:52:36 | INFO  | p.CommonActions | Element clicked successfully: By.xpath: //h3[normalize-space()='Science']
2026-08-12 17:52:36 | INFO  | p.CommonActions | Clicking element: By.xpath: //div[normalize-space()='Edit Level Details']
2026-08-12 17:52:37 | INFO  | p.CommonActions | Element clicked successfully: By.xpath: //div[normalize-space()='Edit Level Details']
2026-08-12 17:52:37 | INFO  | p.CommonActions | Element displayed: By.xpath: //input[@placeholder='Enter Level Number'] | Result: true
2026-08-12 17:52:37 | INFO  | p.CommonActions | Element displayed: By.xpath: //input[@placeholder='e.g. Fifth Grade'] | Result: true
2026-08-12 17:52:37 | INFO  | p.CommonActions | Element displayed: By.xpath: //textarea[@placeholder='Enter Description'] | Result: true
2026-08-12 17:52:37 | INFO  | p.CommonActions | Entering text '2' into: By.xpath: //input[@placeholder='Enter Level Number']
2026-08-12 17:52:37 | INFO  | p.CommonActions | Entering text 'SecondGrade' into: By.xpath: //input[@placeholder='e.g. Fifth Grade']
2026-08-12 17:52:37 | INFO  | p.CommonActions | Entering text 'Updated English Basics' into: By.xpath: //textarea[@placeholder='Enter Description']
2026-08-12 17:52:40 | INFO  | p.CommonActions | Uploading file: D:\MontreCY\com.montrecy.automation\src\main\resources\MathsSubject.png
2026-08-12 17:52:46 | INFO  | p.CommonActions | File uploaded successfully: MathsSubject.png
2026-08-12 17:52:49 | INFO  | p.CommonActions | Uploaded image verified successfully.
2026-08-12 17:52:58 | INFO  | p.CommonActions | Clicking element: By.xpath: //span[normalize-space()='Update Level']
2026-08-12 17:52:58 | INFO  | p.CommonActions | Element clicked successfully: By.xpath: //span[normalize-space()='Update Level']
2026-08-12 17:52:58 | INFO  | p.CommonActions | Element displayed: By.xpath: //input[@placeholder='Enter Level Number'] | Result: true
2026-08-12 17:52:58 | INFO  | p.CommonActions | Element displayed: By.xpath: //input[@placeholder='e.g. Fifth Grade'] | Result: true
2026-08-12 17:52:58 | INFO  | p.CommonActions | Element displayed: By.xpath: //textarea[@placeholder='Enter Description'] | Result: true
2026-08-12 17:53:01 | INFO  | p.LoginPage     | Starting Login Process.
2026-08-12 17:53:01 | INFO  | p.LoginPage     | Entering Email.
2026-08-12 17:53:01 | INFO  | p.LoginPage     | Entering Password.
2026-08-12 17:53:01 | INFO  | p.LoginPage     | Clicking Login button.
2026-08-12 17:53:01 | INFO  | p.LoginPage     | Login completed successfully.
2026-08-12 17:53:01 | INFO  | p.CommonActions | Waiting for element to be displayed: By.xpath: //*[normalize-space()='Dashboard']
2026-08-12 17:53:02 | INFO  | p.CommonActions | Clicking element: By.xpath: //*[normalize-space()='Content']
2026-08-12 17:53:02 | INFO  | p.CommonActions | Element clicked successfully: By.xpath: //*[normalize-space()='Content']
2026-08-12 17:53:02 | INFO  | p.CommonActions | Element displayed: By.xpath: //*[normalize-space()='Subjects'] | Result: true
2026-08-12 17:53:03 | INFO  | p.CommonActions | Element displayed: By.xpath: //h3[normalize-space()='Science'] | Result: true
2026-08-12 17:53:03 | INFO  | p.CommonActions | Clicking element: By.xpath: //h3[normalize-space()='Science']
2026-08-12 17:53:03 | INFO  | p.CommonActions | Element clicked successfully: By.xpath: //h3[normalize-space()='Science']
2026-08-12 17:53:06 | INFO  | p.CommonActions | Clicking element: By.xpath: //span[normalize-space()='Inactive']
2026-08-12 17:53:06 | INFO  | p.CommonActions | Element clicked successfully: By.xpath: //span[normalize-space()='Inactive']
2026-08-12 17:53:09 | INFO  | p.CommonActions | Verify text | Expected: 'Level status changed to Inactive' | Actual: 'Success
Level status changed to Inactive' | Result: true
2026-08-12 17:53:12 | INFO  | p.CommonActions | Clicking element: By.xpath: //span[normalize-space()='Active']
2026-08-12 17:53:12 | INFO  | p.CommonActions | Element clicked successfully: By.xpath: //span[normalize-space()='Active']
2026-08-12 17:53:15 | INFO  | p.CommonActions | Verify text | Expected: 'Level status changed to Active' | Actual: 'Success
Level status changed to Active' | Result: true
2026-08-12 17:53:17 | INFO  | u.TestListener  | 
2026-08-12 17:53:17 | INFO  | u.TestListener  | ============================================================
2026-08-12 17:53:17 | INFO  | u.TestListener  | TEST EXECUTION SUMMARY
2026-08-12 17:53:17 | INFO  | u.TestListener  | ------------------------------------------------------------
2026-08-12 17:53:17 | INFO  | u.TestListener  | Suite       : Default Suite
2026-08-12 17:53:17 | INFO  | u.TestListener  | Total Tests : 3
2026-08-12 17:53:17 | INFO  | u.TestListener  | Passed      : 3
2026-08-12 17:53:17 | INFO  | u.TestListener  | Failed      : 0
2026-08-12 17:53:17 | INFO  | u.TestListener  | Skipped     : 0
2026-08-12 17:53:17 | INFO  | u.TestListener  | Pass Rate   : 100.00%
2026-08-12 17:53:17 | INFO  | u.TestListener  | Duration    : 75 sec
2026-08-12 17:53:17 | INFO  | u.TestListener  | ============================================================
2026-08-12 17:55:03 | INFO  | u.TestListener  | ============================================================
2026-08-12 17:55:03 | INFO  | u.TestListener  | TEST EXECUTION STARTED
2026-08-12 17:55:03 | INFO  | u.TestListener  | Suite : Default Suite
2026-08-12 17:55:03 | INFO  | u.TestListener  | ============================================================
2026-08-12 17:55:05 | INFO  | p.LoginPage     | Starting Login Process.
2026-08-12 17:55:05 | INFO  | p.LoginPage     | Entering Email.
2026-08-12 17:55:05 | INFO  | p.LoginPage     | Entering Password.
2026-08-12 17:55:05 | INFO  | p.LoginPage     | Clicking Login button.
2026-08-12 17:55:05 | INFO  | p.LoginPage     | Login completed successfully.
2026-08-12 17:55:05 | INFO  | p.CommonActions | Waiting for element to be displayed: By.xpath: //*[normalize-space()='Dashboard']
2026-08-12 17:55:06 | INFO  | p.CommonActions | Clicking element: By.xpath: //*[normalize-space()='Content']
2026-08-12 17:55:06 | INFO  | p.CommonActions | Element clicked successfully: By.xpath: //*[normalize-space()='Content']
2026-08-12 17:55:06 | INFO  | p.CommonActions | Element displayed: By.xpath: //*[normalize-space()='Subjects'] | Result: true
2026-08-12 17:55:07 | INFO  | p.CommonActions | Element displayed: By.xpath: //h3[normalize-space()='Science'] | Result: true
2026-08-12 17:55:07 | INFO  | p.CommonActions | Clicking element: By.xpath: //h3[normalize-space()='Science']
2026-08-12 17:55:07 | INFO  | p.CommonActions | Element clicked successfully: By.xpath: //h3[normalize-space()='Science']
2026-08-12 17:55:07 | INFO  | p.CommonActions | Clicking element: By.xpath: //span[contains(text(),'Add New Level')]
2026-08-12 17:55:07 | INFO  | p.CommonActions | Element clicked successfully: By.xpath: //span[contains(text(),'Add New Level')]
2026-08-12 17:55:07 | INFO  | p.CommonActions | Entering text '1' into: By.xpath: //input[@placeholder='Enter Level Number']
2026-08-12 17:55:08 | INFO  | p.CommonActions | Entering text 'FirstGrade' into: By.xpath: //input[@placeholder='e.g. Fifth Grade']
2026-08-12 17:55:08 | INFO  | p.CommonActions | Entering text 'English Basics' into: By.xpath: //textarea[@placeholder='Enter Description']
2026-08-12 17:55:11 | INFO  | p.CommonActions | Uploading file: D:\MontreCY\com.montrecy.automation\src\main\resources\ScienceSubject.png
2026-08-12 17:55:17 | INFO  | p.CommonActions | File uploaded successfully: ScienceSubject.png
2026-08-12 17:55:20 | INFO  | p.CommonActions | Uploaded image verified successfully.
2026-08-12 17:55:26 | INFO  | p.CommonActions | Clicking element: By.xpath: //div[@class='modal-actions']//span[normalize-space()='Add New Level']
2026-08-12 17:55:26 | INFO  | p.CommonActions | Element clicked successfully: By.xpath: //div[@class='modal-actions']//span[normalize-space()='Add New Level']
2026-08-12 17:55:29 | INFO  | p.CommonActions | Element displayed: By.xpath: //*[normalize-space()='This level number already exists for the selected subject.'] | Result: true
2026-08-12 17:55:32 | INFO  | p.LoginPage     | Starting Login Process.
2026-08-12 17:55:32 | INFO  | p.LoginPage     | Entering Email.
2026-08-12 17:55:32 | INFO  | p.LoginPage     | Entering Password.
2026-08-12 17:55:32 | INFO  | p.LoginPage     | Clicking Login button.
2026-08-12 17:55:32 | INFO  | p.LoginPage     | Login completed successfully.
2026-08-12 17:55:32 | INFO  | p.CommonActions | Waiting for element to be displayed: By.xpath: //*[normalize-space()='Dashboard']
2026-08-12 17:55:33 | INFO  | p.CommonActions | Clicking element: By.xpath: //*[normalize-space()='Content']
2026-08-12 17:55:33 | INFO  | p.CommonActions | Element clicked successfully: By.xpath: //*[normalize-space()='Content']
2026-08-12 17:55:33 | INFO  | p.CommonActions | Element displayed: By.xpath: //*[normalize-space()='Subjects'] | Result: true
2026-08-12 17:55:33 | INFO  | p.CommonActions | Element displayed: By.xpath: //h3[normalize-space()='Science'] | Result: true
2026-08-12 17:55:33 | INFO  | p.CommonActions | Clicking element: By.xpath: //h3[normalize-space()='Science']
2026-08-12 17:55:33 | INFO  | p.CommonActions | Element clicked successfully: By.xpath: //h3[normalize-space()='Science']
2026-08-12 17:55:33 | INFO  | p.CommonActions | Clicking element: By.xpath: //div[normalize-space()='Edit Level Details']
2026-08-12 17:55:34 | INFO  | p.CommonActions | Element clicked successfully: By.xpath: //div[normalize-space()='Edit Level Details']
2026-08-12 17:55:34 | INFO  | p.CommonActions | Element displayed: By.xpath: //input[@placeholder='Enter Level Number'] | Result: true
2026-08-12 17:55:34 | INFO  | p.CommonActions | Element displayed: By.xpath: //input[@placeholder='e.g. Fifth Grade'] | Result: true
2026-08-12 17:55:34 | INFO  | p.CommonActions | Element displayed: By.xpath: //textarea[@placeholder='Enter Description'] | Result: true
2026-08-12 17:55:34 | INFO  | p.CommonActions | Entering text '2' into: By.xpath: //input[@placeholder='Enter Level Number']
2026-08-12 17:55:34 | INFO  | p.CommonActions | Entering text 'SecondGrade' into: By.xpath: //input[@placeholder='e.g. Fifth Grade']
2026-08-12 17:55:34 | INFO  | p.CommonActions | Entering text 'Updated English Basics' into: By.xpath: //textarea[@placeholder='Enter Description']
2026-08-12 17:55:37 | INFO  | p.CommonActions | Uploading file: D:\MontreCY\com.montrecy.automation\src\main\resources\MathsSubject.png
2026-08-12 17:55:43 | INFO  | p.CommonActions | File uploaded successfully: MathsSubject.png
2026-08-12 17:55:46 | INFO  | p.CommonActions | Uploaded image verified successfully.
2026-08-12 17:55:56 | INFO  | p.CommonActions | Clicking element: By.xpath: //span[normalize-space()='Update Level']
2026-08-12 17:55:56 | INFO  | p.CommonActions | Element clicked successfully: By.xpath: //span[normalize-space()='Update Level']
2026-08-12 17:55:56 | INFO  | p.CommonActions | Element displayed: By.xpath: //input[@placeholder='Enter Level Number'] | Result: true
2026-08-12 17:55:56 | INFO  | p.CommonActions | Element displayed: By.xpath: //input[@placeholder='e.g. Fifth Grade'] | Result: true
2026-08-12 17:55:56 | INFO  | p.CommonActions | Element displayed: By.xpath: //textarea[@placeholder='Enter Description'] | Result: true
2026-08-12 17:55:58 | INFO  | p.LoginPage     | Starting Login Process.
2026-08-12 17:55:58 | INFO  | p.LoginPage     | Entering Email.
2026-08-12 17:55:58 | INFO  | p.LoginPage     | Entering Password.
2026-08-12 17:55:58 | INFO  | p.LoginPage     | Clicking Login button.
2026-08-12 17:55:58 | INFO  | p.LoginPage     | Login completed successfully.
2026-08-12 17:55:58 | INFO  | p.CommonActions | Waiting for element to be displayed: By.xpath: //*[normalize-space()='Dashboard']
2026-08-12 17:55:59 | INFO  | p.CommonActions | Clicking element: By.xpath: //*[normalize-space()='Content']
2026-08-12 17:55:59 | INFO  | p.CommonActions | Element clicked successfully: By.xpath: //*[normalize-space()='Content']
2026-08-12 17:55:59 | INFO  | p.CommonActions | Element displayed: By.xpath: //*[normalize-space()='Subjects'] | Result: true
2026-08-12 17:55:59 | INFO  | p.CommonActions | Element displayed: By.xpath: //h3[normalize-space()='Science'] | Result: true
2026-08-12 17:55:59 | INFO  | p.CommonActions | Clicking element: By.xpath: //h3[normalize-space()='Science']
2026-08-12 17:55:59 | INFO  | p.CommonActions | Element clicked successfully: By.xpath: //h3[normalize-space()='Science']
2026-08-12 17:56:02 | INFO  | p.CommonActions | Clicking element: By.xpath: //span[normalize-space()='Inactive']
2026-08-12 17:56:02 | INFO  | p.CommonActions | Element clicked successfully: By.xpath: //span[normalize-space()='Inactive']
2026-08-12 17:56:05 | INFO  | p.CommonActions | Verify text | Expected: 'Level status changed to Inactive' | Actual: 'Success
Level status changed to Inactive' | Result: true
2026-08-12 17:56:08 | INFO  | p.CommonActions | Clicking element: By.xpath: //span[normalize-space()='Active']
2026-08-12 17:56:09 | INFO  | p.CommonActions | Element clicked successfully: By.xpath: //span[normalize-space()='Active']
2026-08-12 17:56:12 | INFO  | p.CommonActions | Verify text | Expected: 'Level status changed to Active' | Actual: 'Success
Level status changed to Active' | Result: true
2026-08-12 17:56:12 | INFO  | u.TestListener  | 
2026-08-12 17:56:12 | INFO  | u.TestListener  | ============================================================
2026-08-12 17:56:12 | INFO  | u.TestListener  | TEST EXECUTION SUMMARY
2026-08-12 17:56:12 | INFO  | u.TestListener  | ------------------------------------------------------------
2026-08-12 17:56:12 | INFO  | u.TestListener  | Suite       : Default Suite
2026-08-12 17:56:12 | INFO  | u.TestListener  | Total Tests : 3
2026-08-12 17:56:12 | INFO  | u.TestListener  | Passed      : 3
2026-08-12 17:56:12 | INFO  | u.TestListener  | Failed      : 0
2026-08-12 17:56:12 | INFO  | u.TestListener  | Skipped     : 0
2026-08-12 17:56:12 | INFO  | u.TestListener  | Pass Rate   : 100.00%
2026-08-12 17:56:12 | INFO  | u.TestListener  | Duration    : 69 sec
2026-08-12 17:56:12 | INFO  | u.TestListener  | ============================================================
2026-08-12 17:56:54 | INFO  | u.TestListener  | ============================================================
2026-08-12 17:56:54 | INFO  | u.TestListener  | TEST EXECUTION STARTED
2026-08-12 17:56:54 | INFO  | u.TestListener  | Suite : MontreCY Automation Suite
2026-08-12 17:56:54 | INFO  | u.TestListener  | ============================================================
2026-08-12 17:56:57 | INFO  | test.LoginTest  | ============================================================
2026-08-12 17:56:57 | INFO  | test.LoginTest  | TEST CASE : TC_001 - Verify Admin Login and Dashboard Title
2026-08-12 17:56:57 | INFO  | test.LoginTest  | ============================================================
2026-08-12 17:56:57 | INFO  | test.LoginTest  | STEP 1 : Login to MontreCY Admin Portal
2026-08-12 17:56:57 | INFO  | p.LoginPage     | Starting Login Process.
2026-08-12 17:56:57 | INFO  | p.LoginPage     | Entering Email.
2026-08-12 17:56:57 | INFO  | p.LoginPage     | Entering Password.
2026-08-12 17:56:57 | INFO  | p.LoginPage     | Clicking Login button.
2026-08-12 17:56:58 | INFO  | p.LoginPage     | Login completed successfully.
2026-08-12 17:56:58 | INFO  | test.LoginTest  | STEP 2 : Validate Dashboard page
2026-08-12 17:56:58 | INFO  | p.DashboardPage | Verifying Dashboard page.
2026-08-12 17:56:59 | INFO  | test.LoginTest  | STEP 3 : Validate Dashboard title
2026-08-12 17:56:59 | INFO  | p.DashboardPage | Getting Dashboard title.
2026-08-12 17:56:59 | INFO  | test.LoginTest  | TEST RESULT : PASSED
2026-08-12 17:56:59 | INFO  | test.LoginTest  | ============================================================
2026-08-12 17:57:01 | INFO  | test.LoginTest  | ============================================================
2026-08-12 17:57:01 | INFO  | test.LoginTest  | TEST CASE : TC_002 - Verify Admin Logout
2026-08-12 17:57:01 | INFO  | test.LoginTest  | ============================================================
2026-08-12 17:57:01 | INFO  | test.LoginTest  | STEP 1 : Login to MontreCY Admin Portal
2026-08-12 17:57:01 | INFO  | p.LoginPage     | Starting Login Process.
2026-08-12 17:57:01 | INFO  | p.LoginPage     | Entering Email.
2026-08-12 17:57:01 | INFO  | p.LoginPage     | Entering Password.
2026-08-12 17:57:01 | INFO  | p.LoginPage     | Clicking Login button.
2026-08-12 17:57:01 | INFO  | p.LoginPage     | Login completed successfully.
2026-08-12 17:57:01 | INFO  | test.LoginTest  | STEP 2 : Logout from MontreCY Admin Portal
2026-08-12 17:57:01 | INFO  | p.DashboardPage | Starting Logout process.
2026-08-12 17:57:02 | INFO  | p.DashboardPage | Clicked User Avatar.
2026-08-12 17:57:03 | INFO  | p.DashboardPage | Logout completed successfully.
2026-08-12 17:57:03 | INFO  | test.LoginTest  | STEP 3 : Validate Login page
2026-08-12 17:57:03 | INFO  | p.LoginPage     | Verifying Login page.
2026-08-12 17:57:03 | INFO  | test.LoginTest  | TEST RESULT : PASSED
2026-08-12 17:57:03 | INFO  | test.LoginTest  | ============================================================
2026-08-12 17:57:04 | INFO  | u.TestListener  | 
2026-08-12 17:57:04 | INFO  | u.TestListener  | ============================================================
2026-08-12 17:57:04 | INFO  | u.TestListener  | TEST EXECUTION SUMMARY
2026-08-12 17:57:04 | INFO  | u.TestListener  | ------------------------------------------------------------
2026-08-12 17:57:04 | INFO  | u.TestListener  | Suite       : MontreCY Automation Suite
2026-08-12 17:57:04 | INFO  | u.TestListener  | Total Tests : 2
2026-08-12 17:57:04 | INFO  | u.TestListener  | Passed      : 2
2026-08-12 17:57:04 | INFO  | u.TestListener  | Failed      : 0
2026-08-12 17:57:04 | INFO  | u.TestListener  | Skipped     : 0
2026-08-12 17:57:04 | INFO  | u.TestListener  | Pass Rate   : 100.00%
2026-08-12 17:57:04 | INFO  | u.TestListener  | Duration    : 9 sec
2026-08-12 17:57:04 | INFO  | u.TestListener  | ============================================================
2026-08-12 17:57:04 | INFO  | u.TestListener  | ============================================================
2026-08-12 17:57:04 | INFO  | u.TestListener  | TEST EXECUTION STARTED
2026-08-12 17:57:04 | INFO  | u.TestListener  | Suite : MontreCY Automation Suite
2026-08-12 17:57:04 | INFO  | u.TestListener  | ============================================================
2026-08-12 17:57:06 | INFO  | t.DashboardTest | ============================================================
2026-08-12 17:57:06 | INFO  | t.DashboardTest | TEST CASE : TC_003 - Verify Platform Pulse KPI Cards
2026-08-12 17:57:06 | INFO  | t.DashboardTest | ============================================================
2026-08-12 17:57:06 | INFO  | t.DashboardTest | STEP 1 : Login to MontreCY Admin Portal
2026-08-12 17:57:06 | INFO  | p.LoginPage     | Starting Login Process.
2026-08-12 17:57:06 | INFO  | p.LoginPage     | Entering Email.
2026-08-12 17:57:06 | INFO  | p.LoginPage     | Entering Password.
2026-08-12 17:57:06 | INFO  | p.LoginPage     | Clicking Login button.
2026-08-12 17:57:06 | INFO  | p.LoginPage     | Login completed successfully.
2026-08-12 17:57:06 | INFO  | t.DashboardTest | STEP 2 : Validate Dashboard page
2026-08-12 17:57:06 | INFO  | p.DashboardPage | Verifying Dashboard page.
2026-08-12 17:57:07 | INFO  | t.DashboardTest | STEP 3 : Validate Platform Pulse KPI Cards
2026-08-12 17:57:07 | INFO  | p.DashboardPage | Verifying Total Users card.
2026-08-12 17:57:07 | INFO  | p.DashboardPage | Verifying New Subscriptions card.
2026-08-12 17:57:07 | INFO  | p.DashboardPage | Verifying Revenue card.
2026-08-12 17:57:07 | INFO  | p.DashboardPage | Verifying Churn Rate card.
2026-08-12 17:57:07 | INFO  | p.DashboardPage | Verifying DAU card.
2026-08-12 17:57:07 | INFO  | t.DashboardTest | TEST RESULT : PASSED
2026-08-12 17:57:07 | INFO  | t.DashboardTest | ============================================================
2026-08-12 17:57:07 | INFO  | u.TestListener  | 
2026-08-12 17:57:07 | INFO  | u.TestListener  | ============================================================
2026-08-12 17:57:07 | INFO  | u.TestListener  | TEST EXECUTION SUMMARY
2026-08-12 17:57:07 | INFO  | u.TestListener  | ------------------------------------------------------------
2026-08-12 17:57:07 | INFO  | u.TestListener  | Suite       : MontreCY Automation Suite
2026-08-12 17:57:07 | INFO  | u.TestListener  | Total Tests : 1
2026-08-12 17:57:07 | INFO  | u.TestListener  | Passed      : 1
2026-08-12 17:57:07 | INFO  | u.TestListener  | Failed      : 0
2026-08-12 17:57:07 | INFO  | u.TestListener  | Skipped     : 0
2026-08-12 17:57:07 | INFO  | u.TestListener  | Pass Rate   : 100.00%
2026-08-12 17:57:07 | INFO  | u.TestListener  | Duration    : 3 sec
2026-08-12 17:57:07 | INFO  | u.TestListener  | ============================================================
2026-08-12 17:57:07 | INFO  | u.TestListener  | ============================================================
2026-08-12 17:57:07 | INFO  | u.TestListener  | TEST EXECUTION STARTED
2026-08-12 17:57:07 | INFO  | u.TestListener  | Suite : MontreCY Automation Suite
2026-08-12 17:57:07 | INFO  | u.TestListener  | ============================================================
2026-08-12 17:57:09 | INFO  | t.SubjectsTest  | Page objects initialized successfully.
2026-08-12 17:57:09 | INFO  | t.SubjectsTest  | TEST CASE : TC_SUBJECT_002 - Verify Add New Subject Button is Displayed
2026-08-12 17:57:09 | INFO  | p.LoginPage     | Starting Login Process.
2026-08-12 17:57:09 | INFO  | p.LoginPage     | Entering Email.
2026-08-12 17:57:09 | INFO  | p.LoginPage     | Entering Password.
2026-08-12 17:57:10 | INFO  | p.LoginPage     | Clicking Login button.
2026-08-12 17:57:10 | INFO  | p.LoginPage     | Login completed successfully.
2026-08-12 17:57:10 | INFO  | p.CommonActions | Waiting for element to be displayed: By.xpath: //*[normalize-space()='Dashboard']
2026-08-12 17:57:11 | INFO  | p.CommonActions | Clicking element: By.xpath: //*[normalize-space()='Content']
2026-08-12 17:57:11 | INFO  | p.CommonActions | Element clicked successfully: By.xpath: //*[normalize-space()='Content']
2026-08-12 17:57:11 | INFO  | p.CommonActions | Element displayed: By.xpath: //button[normalize-space()='Add New Subject'] | Result: true
2026-08-12 17:57:11 | INFO  | t.SubjectsTest  | TC_SUBJECT_002 PASSED
2026-08-12 17:57:13 | INFO  | t.SubjectsTest  | Page objects initialized successfully.
2026-08-12 17:57:13 | INFO  | t.SubjectsTest  | TEST CASE : TC_SUBJECT_003 - Verify Add New Subject Form is Displayed
2026-08-12 17:57:13 | INFO  | p.LoginPage     | Starting Login Process.
2026-08-12 17:57:13 | INFO  | p.LoginPage     | Entering Email.
2026-08-12 17:57:13 | INFO  | p.LoginPage     | Entering Password.
2026-08-12 17:57:13 | INFO  | p.LoginPage     | Clicking Login button.
2026-08-12 17:57:13 | INFO  | p.LoginPage     | Login completed successfully.
2026-08-12 17:57:13 | INFO  | p.CommonActions | Waiting for element to be displayed: By.xpath: //*[normalize-space()='Dashboard']
2026-08-12 17:57:14 | INFO  | p.CommonActions | Clicking element: By.xpath: //*[normalize-space()='Content']
2026-08-12 17:57:14 | INFO  | p.CommonActions | Element clicked successfully: By.xpath: //*[normalize-space()='Content']
2026-08-12 17:57:15 | INFO  | p.CommonActions | Element displayed: By.xpath: //*[normalize-space()='Subjects'] | Result: true
2026-08-12 17:57:15 | INFO  | p.CommonActions | Waiting for element to be clickable: By.xpath: //button[normalize-space()='Add New Subject']
2026-08-12 17:57:15 | INFO  | p.CommonActions | Clicking element: By.xpath: //button[normalize-space()='Add New Subject']
2026-08-12 17:57:15 | INFO  | p.CommonActions | Element clicked successfully: By.xpath: //button[normalize-space()='Add New Subject']
2026-08-12 17:57:15 | INFO  | p.CommonActions | Element displayed: By.xpath: //h2[normalize-space()='Add New Subject'] | Result: true
2026-08-12 17:57:15 | INFO  | t.SubjectsTest  | TC_SUBJECT_003 PASSED
2026-08-12 17:57:17 | INFO  | t.SubjectsTest  | Page objects initialized successfully.
2026-08-12 17:57:17 | INFO  | t.SubjectsTest  | TEST CASE : TC_SUBJECT_011 - Verify Edit Subject Screen and Actions
2026-08-12 17:57:17 | INFO  | p.LoginPage     | Starting Login Process.
2026-08-12 17:57:17 | INFO  | p.LoginPage     | Entering Email.
2026-08-12 17:57:17 | INFO  | p.LoginPage     | Entering Password.
2026-08-12 17:57:17 | INFO  | p.LoginPage     | Clicking Login button.
2026-08-12 17:57:17 | INFO  | p.LoginPage     | Login completed successfully.
2026-08-12 17:57:17 | INFO  | p.CommonActions | Waiting for element to be displayed: By.xpath: //*[normalize-space()='Dashboard']
2026-08-12 17:57:18 | INFO  | p.CommonActions | Clicking element: By.xpath: //*[normalize-space()='Content']
2026-08-12 17:57:18 | INFO  | p.CommonActions | Element clicked successfully: By.xpath: //*[normalize-space()='Content']
2026-08-12 17:57:19 | INFO  | p.CommonActions | Element displayed: By.xpath: //*[normalize-space()='Subjects'] | Result: true
2026-08-12 17:57:19 | INFO  | p.CommonActions | Waiting for element to be clickable: By.xpath: //div[@class='subjects-container']//div[1]//div[1]//div[1]//button[1]//span[2]
2026-08-12 17:57:19 | INFO  | p.CommonActions | Clicking element: By.xpath: //div[@class='subjects-container']//div[1]//div[1]//div[1]//button[1]//span[2]
2026-08-12 17:57:19 | INFO  | p.CommonActions | Element clicked successfully: By.xpath: //div[@class='subjects-container']//div[1]//div[1]//div[1]//button[1]//span[2]
2026-08-12 17:57:19 | INFO  | p.CommonActions | Element displayed: By.xpath: //h2[normalize-space()='Edit Subject'] | Result: true
2026-08-12 17:57:19 | INFO  | p.CommonActions | Element displayed: By.xpath: //span[normalize-space()='Cancel'] | Result: true
2026-08-12 17:57:19 | INFO  | p.CommonActions | Element displayed: By.xpath: //span[normalize-space()='Update Subject'] | Result: true
2026-08-12 17:57:19 | INFO  | t.SubjectsTest  | TC_SUBJECT_011 PASSED
2026-08-12 17:57:22 | INFO  | t.SubjectsTest  | Page objects initialized successfully.
2026-08-12 17:57:22 | INFO  | t.SubjectsTest  | TEST CASE : TC_SUBJECT_004 - Verify Subject Create, Update and Delete
2026-08-12 17:57:22 | INFO  | p.LoginPage     | Starting Login Process.
2026-08-12 17:57:22 | INFO  | p.LoginPage     | Entering Email.
2026-08-12 17:57:22 | INFO  | p.LoginPage     | Entering Password.
2026-08-12 17:57:22 | INFO  | p.LoginPage     | Clicking Login button.
2026-08-12 17:57:22 | INFO  | p.LoginPage     | Login completed successfully.
2026-08-12 17:57:22 | INFO  | p.CommonActions | Waiting for element to be displayed: By.xpath: //*[normalize-space()='Dashboard']
2026-08-12 17:57:23 | INFO  | p.CommonActions | Clicking element: By.xpath: //*[normalize-space()='Content']
2026-08-12 17:57:23 | INFO  | p.CommonActions | Element clicked successfully: By.xpath: //*[normalize-space()='Content']
2026-08-12 17:57:23 | INFO  | p.CommonActions | Element displayed: By.xpath: //*[normalize-space()='Subjects'] | Result: true
2026-08-12 17:57:23 | INFO  | t.SubjectsTest  | CREATE | Creating subject: Science
2026-08-12 17:57:23 | INFO  | p.CommonActions | Waiting for element to be clickable: By.xpath: //button[normalize-space()='Add New Subject']
2026-08-12 17:57:23 | INFO  | p.CommonActions | Clicking element: By.xpath: //button[normalize-space()='Add New Subject']
2026-08-12 17:57:23 | INFO  | p.CommonActions | Element clicked successfully: By.xpath: //button[normalize-space()='Add New Subject']
2026-08-12 17:57:23 | INFO  | p.CommonActions | Entering text 'Science' into: By.xpath: //input[@placeholder='Subject Name' or @name='subjectName' or @type='text']
2026-08-12 17:57:27 | INFO  | p.CommonActions | Uploading file: D:\MontreCY\com.montrecy.automation\src\main\resources\ScienceSubject.png
2026-08-12 17:57:33 | INFO  | p.CommonActions | File uploaded successfully: ScienceSubject.png
2026-08-12 17:57:36 | INFO  | p.CommonActions | Uploaded image verified successfully.
2026-08-12 17:57:45 | INFO  | p.CommonActions | Clicking element: By.xpath: //div[contains(@class,'modal-actions')]//button[@type='button' and .//span[normalize-space()='Add Subject']]
2026-08-12 17:57:45 | INFO  | p.CommonActions | Element clicked successfully: By.xpath: //div[contains(@class,'modal-actions')]//button[@type='button' and .//span[normalize-space()='Add Subject']]
2026-08-12 17:57:48 | INFO  | t.SubjectsTest  | CREATE | Verifying toast message: 'Subject created successfully'
2026-08-12 17:57:48 | INFO  | p.CommonActions | Verify text | Expected: 'Subject created successfully' | Actual: 'Subject created successfully' | Result: true
2026-08-12 17:57:48 | INFO  | t.SubjectsTest  | CREATE | Subject created successfully: Science
2026-08-12 17:57:48 | INFO  | t.SubjectsTest  | TC_SUBJECT_004 PASSED | Subject Create, Update and Delete verification completed successfully
2026-08-12 17:57:50 | INFO  | t.SubjectsTest  | Page objects initialized successfully.
2026-08-12 17:57:50 | INFO  | t.SubjectsTest  | TEST CASE : TC_SUBJECT_005 - Verify Subject Name Mandatory Validation
2026-08-12 17:57:50 | INFO  | p.LoginPage     | Starting Login Process.
2026-08-12 17:57:50 | INFO  | p.LoginPage     | Entering Email.
2026-08-12 17:57:51 | INFO  | p.LoginPage     | Entering Password.
2026-08-12 17:57:51 | INFO  | p.LoginPage     | Clicking Login button.
2026-08-12 17:57:51 | INFO  | p.LoginPage     | Login completed successfully.
2026-08-12 17:57:51 | INFO  | p.CommonActions | Waiting for element to be displayed: By.xpath: //*[normalize-space()='Dashboard']
2026-08-12 17:57:52 | INFO  | p.CommonActions | Clicking element: By.xpath: //*[normalize-space()='Content']
2026-08-12 17:57:52 | INFO  | p.CommonActions | Element clicked successfully: By.xpath: //*[normalize-space()='Content']
2026-08-12 17:57:52 | INFO  | p.CommonActions | Element displayed: By.xpath: //*[normalize-space()='Subjects'] | Result: true
2026-08-12 17:57:52 | INFO  | p.CommonActions | Waiting for element to be clickable: By.xpath: //button[normalize-space()='Add New Subject']
2026-08-12 17:57:52 | INFO  | p.CommonActions | Clicking element: By.xpath: //button[normalize-space()='Add New Subject']
2026-08-12 17:57:52 | INFO  | p.CommonActions | Element clicked successfully: By.xpath: //button[normalize-space()='Add New Subject']
2026-08-12 17:57:52 | INFO  | p.CommonActions | Submitting form for field validation.
2026-08-12 17:57:52 | INFO  | p.CommonActions | Clicking element: By.xpath: //div[contains(@class,'modal-actions')]//button[@type='button' and .//span[normalize-space()='Add Subject']]
2026-08-12 17:57:53 | INFO  | p.CommonActions | Element clicked successfully: By.xpath: //div[contains(@class,'modal-actions')]//button[@type='button' and .//span[normalize-space()='Add Subject']]
2026-08-12 17:57:53 | INFO  | p.CommonActions | Validating field error message. Expected: 'Subject name is required'
2026-08-12 17:57:53 | INFO  | p.CommonActions | Verify text | Expected: 'Subject name is required' | Actual: 'Subject name is required' | Result: true
2026-08-12 17:57:53 | INFO  | p.CommonActions | Field validation passed: 'Subject name is required'
2026-08-12 17:57:53 | INFO  | t.SubjectsTest  | TC_SUBJECT_005 PASSED
2026-08-12 17:57:55 | INFO  | t.SubjectsTest  | Page objects initialized successfully.
2026-08-12 17:57:55 | INFO  | t.SubjectsTest  | TEST CASE : TC_SUBJECT_001 - Verify Subjects Page is Displayed
2026-08-12 17:57:55 | INFO  | p.LoginPage     | Starting Login Process.
2026-08-12 17:57:55 | INFO  | p.LoginPage     | Entering Email.
2026-08-12 17:57:55 | INFO  | p.LoginPage     | Entering Password.
2026-08-12 17:57:55 | INFO  | p.LoginPage     | Clicking Login button.
2026-08-12 17:57:55 | INFO  | p.LoginPage     | Login completed successfully.
2026-08-12 17:57:55 | INFO  | p.CommonActions | Waiting for element to be displayed: By.xpath: //*[normalize-space()='Dashboard']
2026-08-12 17:57:56 | INFO  | p.CommonActions | Clicking element: By.xpath: //*[normalize-space()='Content']
2026-08-12 17:57:56 | INFO  | p.CommonActions | Element clicked successfully: By.xpath: //*[normalize-space()='Content']
2026-08-12 17:57:56 | INFO  | t.SubjectsTest  | VERIFY | Verifying Subjects page title is displayed
2026-08-12 17:57:57 | INFO  | p.CommonActions | Element displayed: By.xpath: //*[normalize-space()='Subjects'] | Result: true
2026-08-12 17:57:57 | INFO  | t.SubjectsTest  | VERIFY | Subjects page title displayed: true
2026-08-12 17:57:57 | INFO  | t.SubjectsTest  | ASSERT | Subjects page title verification passed
2026-08-12 17:57:57 | INFO  | t.SubjectsTest  | TC_SUBJECT_001 PASSED
2026-08-12 17:57:57 | INFO  | u.TestListener  | 
2026-08-12 17:57:57 | INFO  | u.TestListener  | ============================================================
2026-08-12 17:57:57 | INFO  | u.TestListener  | TEST EXECUTION SUMMARY
2026-08-12 17:57:57 | INFO  | u.TestListener  | ------------------------------------------------------------
2026-08-12 17:57:57 | INFO  | u.TestListener  | Suite       : MontreCY Automation Suite
2026-08-12 17:57:57 | INFO  | u.TestListener  | Total Tests : 6
2026-08-12 17:57:57 | INFO  | u.TestListener  | Passed      : 6
2026-08-12 17:57:57 | INFO  | u.TestListener  | Failed      : 0
2026-08-12 17:57:57 | INFO  | u.TestListener  | Skipped     : 0
2026-08-12 17:57:57 | INFO  | u.TestListener  | Pass Rate   : 100.00%
2026-08-12 17:57:57 | INFO  | u.TestListener  | Duration    : 49 sec
2026-08-12 17:57:57 | INFO  | u.TestListener  | ============================================================
2026-08-12 17:57:57 | INFO  | u.TestListener  | ============================================================
2026-08-12 17:57:57 | INFO  | u.TestListener  | TEST EXECUTION STARTED
2026-08-12 17:57:57 | INFO  | u.TestListener  | Suite : MontreCY Automation Suite
2026-08-12 17:57:57 | INFO  | u.TestListener  | ============================================================
2026-08-12 17:57:59 | INFO  | p.LoginPage     | Starting Login Process.
2026-08-12 17:57:59 | INFO  | p.LoginPage     | Entering Email.
2026-08-12 17:57:59 | INFO  | p.LoginPage     | Entering Password.
2026-08-12 17:57:59 | INFO  | p.LoginPage     | Clicking Login button.
2026-08-12 17:57:59 | INFO  | p.LoginPage     | Login completed successfully.
2026-08-12 17:57:59 | INFO  | p.CommonActions | Waiting for element to be displayed: By.xpath: //*[normalize-space()='Dashboard']
2026-08-12 17:58:00 | INFO  | p.CommonActions | Clicking element: By.xpath: //*[normalize-space()='Content']
2026-08-12 17:58:00 | INFO  | p.CommonActions | Element clicked successfully: By.xpath: //*[normalize-space()='Content']
2026-08-12 17:58:00 | INFO  | p.CommonActions | Element displayed: By.xpath: //*[normalize-space()='Subjects'] | Result: true
2026-08-12 17:58:00 | INFO  | p.CommonActions | Element displayed: By.xpath: //h3[normalize-space()='Science'] | Result: true
2026-08-12 17:58:00 | INFO  | p.CommonActions | Clicking element: By.xpath: //h3[normalize-space()='Science']
2026-08-12 17:58:00 | INFO  | p.CommonActions | Element clicked successfully: By.xpath: //h3[normalize-space()='Science']
2026-08-12 17:58:00 | INFO  | p.CommonActions | Clicking element: By.xpath: //span[contains(text(),'Add New Level')]
2026-08-12 17:58:01 | INFO  | p.CommonActions | Element clicked successfully: By.xpath: //span[contains(text(),'Add New Level')]
2026-08-12 17:58:01 | INFO  | p.CommonActions | Entering text '1' into: By.xpath: //input[@placeholder='Enter Level Number']
2026-08-12 17:58:01 | INFO  | p.CommonActions | Entering text 'FirstGrade' into: By.xpath: //input[@placeholder='e.g. Fifth Grade']
2026-08-12 17:58:02 | INFO  | p.CommonActions | Entering text 'English Basics' into: By.xpath: //textarea[@placeholder='Enter Description']
2026-08-12 17:58:05 | INFO  | p.CommonActions | Uploading file: D:\MontreCY\com.montrecy.automation\src\main\resources\ScienceSubject.png
2026-08-12 17:58:11 | INFO  | p.CommonActions | File uploaded successfully: ScienceSubject.png
2026-08-12 17:58:14 | INFO  | p.CommonActions | Uploaded image verified successfully.
2026-08-12 17:58:20 | INFO  | p.CommonActions | Clicking element: By.xpath: //div[@class='modal-actions']//span[normalize-space()='Add New Level']
2026-08-12 17:58:20 | INFO  | p.CommonActions | Element clicked successfully: By.xpath: //div[@class='modal-actions']//span[normalize-space()='Add New Level']
2026-08-12 17:58:43 | ERROR | p.CommonActions | Element not displayed: By.xpath: //*[normalize-space()='This level number already exists for the selected subject.']
2026-08-12 17:59:03 | ERROR | p.CommonActions | Text not found | Locator: By.xpath: //*[contains(@class,'toast')] | Expected: Level created successfully
2026-08-12 17:59:06 | INFO  | p.LoginPage     | Starting Login Process.
2026-08-12 17:59:06 | INFO  | p.LoginPage     | Entering Email.
2026-08-12 17:59:06 | INFO  | p.LoginPage     | Entering Password.
2026-08-12 17:59:06 | INFO  | p.LoginPage     | Clicking Login button.
2026-08-12 17:59:06 | INFO  | p.LoginPage     | Login completed successfully.
2026-08-12 17:59:06 | INFO  | p.CommonActions | Waiting for element to be displayed: By.xpath: //*[normalize-space()='Dashboard']
2026-08-12 17:59:07 | INFO  | p.CommonActions | Clicking element: By.xpath: //*[normalize-space()='Content']
2026-08-12 17:59:07 | INFO  | p.CommonActions | Element clicked successfully: By.xpath: //*[normalize-space()='Content']
2026-08-12 17:59:07 | INFO  | p.CommonActions | Element displayed: By.xpath: //*[normalize-space()='Subjects'] | Result: true
2026-08-12 17:59:08 | INFO  | p.CommonActions | Element displayed: By.xpath: //h3[normalize-space()='Science'] | Result: true
2026-08-12 17:59:08 | INFO  | p.CommonActions | Clicking element: By.xpath: //h3[normalize-space()='Science']
2026-08-12 17:59:08 | INFO  | p.CommonActions | Element clicked successfully: By.xpath: //h3[normalize-space()='Science']
2026-08-12 17:59:08 | INFO  | p.CommonActions | Clicking element: By.xpath: //div[normalize-space()='Edit Level Details']
2026-08-12 17:59:08 | INFO  | p.CommonActions | Element clicked successfully: By.xpath: //div[normalize-space()='Edit Level Details']
2026-08-12 17:59:08 | INFO  | p.CommonActions | Element displayed: By.xpath: //input[@placeholder='Enter Level Number'] | Result: true
2026-08-12 17:59:08 | INFO  | p.CommonActions | Element displayed: By.xpath: //input[@placeholder='e.g. Fifth Grade'] | Result: true
2026-08-12 17:59:08 | INFO  | p.CommonActions | Element displayed: By.xpath: //textarea[@placeholder='Enter Description'] | Result: true
2026-08-12 17:59:08 | INFO  | p.CommonActions | Entering text '2' into: By.xpath: //input[@placeholder='Enter Level Number']
2026-08-12 17:59:09 | INFO  | p.CommonActions | Entering text 'SecondGrade' into: By.xpath: //input[@placeholder='e.g. Fifth Grade']
2026-08-12 17:59:09 | INFO  | p.CommonActions | Entering text 'Updated English Basics' into: By.xpath: //textarea[@placeholder='Enter Description']
2026-08-12 17:59:12 | INFO  | p.CommonActions | Uploading file: D:\MontreCY\com.montrecy.automation\src\main\resources\MathsSubject.png
2026-08-12 17:59:18 | INFO  | p.CommonActions | File uploaded successfully: MathsSubject.png
2026-08-12 17:59:21 | INFO  | p.CommonActions | Uploaded image verified successfully.
2026-08-12 17:59:30 | INFO  | p.CommonActions | Clicking element: By.xpath: //span[normalize-space()='Update Level']
2026-08-12 17:59:30 | INFO  | p.CommonActions | Element clicked successfully: By.xpath: //span[normalize-space()='Update Level']
2026-08-12 17:59:30 | INFO  | p.CommonActions | Element displayed: By.xpath: //input[@placeholder='Enter Level Number'] | Result: true
2026-08-12 17:59:30 | INFO  | p.CommonActions | Element displayed: By.xpath: //input[@placeholder='e.g. Fifth Grade'] | Result: true
2026-08-12 17:59:30 | INFO  | p.CommonActions | Element displayed: By.xpath: //textarea[@placeholder='Enter Description'] | Result: true
2026-08-12 17:59:32 | INFO  | p.LoginPage     | Starting Login Process.
2026-08-12 17:59:32 | INFO  | p.LoginPage     | Entering Email.
2026-08-12 17:59:32 | INFO  | p.LoginPage     | Entering Password.
2026-08-12 17:59:33 | INFO  | p.LoginPage     | Clicking Login button.
2026-08-12 17:59:33 | INFO  | p.LoginPage     | Login completed successfully.
2026-08-12 17:59:33 | INFO  | p.CommonActions | Waiting for element to be displayed: By.xpath: //*[normalize-space()='Dashboard']
2026-08-12 17:59:33 | INFO  | p.CommonActions | Clicking element: By.xpath: //*[normalize-space()='Content']
2026-08-12 17:59:33 | INFO  | p.CommonActions | Element clicked successfully: By.xpath: //*[normalize-space()='Content']
2026-08-12 17:59:34 | INFO  | p.CommonActions | Element displayed: By.xpath: //*[normalize-space()='Subjects'] | Result: true
2026-08-12 17:59:34 | INFO  | p.CommonActions | Element displayed: By.xpath: //h3[normalize-space()='Science'] | Result: true
2026-08-12 17:59:34 | INFO  | p.CommonActions | Clicking element: By.xpath: //h3[normalize-space()='Science']
2026-08-12 17:59:34 | INFO  | p.CommonActions | Element clicked successfully: By.xpath: //h3[normalize-space()='Science']
2026-08-12 17:59:37 | INFO  | p.CommonActions | Clicking element: By.xpath: //span[normalize-space()='Inactive']
2026-08-12 17:59:37 | INFO  | p.CommonActions | Element clicked successfully: By.xpath: //span[normalize-space()='Inactive']
2026-08-12 17:59:40 | INFO  | p.CommonActions | Verify text | Expected: 'Level status changed to Inactive' | Actual: 'Success
Level status changed to Inactive' | Result: true
2026-08-12 17:59:43 | INFO  | p.CommonActions | Clicking element: By.xpath: //span[normalize-space()='Active']
2026-08-12 17:59:43 | INFO  | p.CommonActions | Element clicked successfully: By.xpath: //span[normalize-space()='Active']
2026-08-12 17:59:46 | INFO  | p.CommonActions | Verify text | Expected: 'Level status changed to Active' | Actual: 'Success
Level status changed to Active' | Result: true
2026-08-12 17:59:47 | INFO  | u.TestListener  | 
2026-08-12 17:59:47 | INFO  | u.TestListener  | ============================================================
2026-08-12 17:59:47 | INFO  | u.TestListener  | TEST EXECUTION SUMMARY
2026-08-12 17:59:47 | INFO  | u.TestListener  | ------------------------------------------------------------
2026-08-12 17:59:47 | INFO  | u.TestListener  | Suite       : MontreCY Automation Suite
2026-08-12 17:59:47 | INFO  | u.TestListener  | Total Tests : 3
2026-08-12 17:59:47 | INFO  | u.TestListener  | Passed      : 2
2026-08-12 17:59:47 | INFO  | u.TestListener  | Failed      : 1
2026-08-12 17:59:47 | INFO  | u.TestListener  | Skipped     : 0
2026-08-12 17:59:47 | INFO  | u.TestListener  | Pass Rate   : 66.67%
2026-08-12 17:59:47 | INFO  | u.TestListener  | Duration    : 109 sec
2026-08-12 17:59:47 | INFO  | u.TestListener  | ============================================================
